Наименование,Артикул,Валюта,"Цена, с НДС",В наличии,Доступен для заказа,Краткая информация,Описание,Наклейка,Статус,Теги,Meta Title,Meta Description,URL,Срок изготовления,Доставка,Производитель,Серия,Код товара,Подключение к электросети,Тип резервуара для воды,Вес товара с упаковкой (брутто),Регулировка значения относит. влажности,Ночной режим,Форма корпуса,Встроенный гигростат,Таймер на отключение,Высота упаковки товара,Подсветка резервуара для воды,Используемый принцип увлажнения воздуха,Гарантийный документ,Глубина упаковки товара,Индикация низкого уровня воды,Фильтр-картридж для умягчения воды в комплекте,Ширина упаковки товара,Индикация относит. влажности воздуха (вблизи устройства),Ручной режим,Гарантийный срок,Режим 'холодный пар',Серия,Высота товара,Индикация заданной влажности,Глубина товара,Объем внутреннего бака,Ширина товара,Макс. температура заливаемой воды,Эффективен для помещ. площадью до,Встроенный гигрометр,Функция ароматизации воздуха,Вес товара (нетто),"Макс. потребляемая мощность, Вт",Уровень шума,Автоматический режим,Система стерилизации пара,Автоматическое отключение при низком уровне воды,Отключение подсветки,Подсветка корпуса,Индикация включения,Защита кнопок управления от детей,Детский режим,Контейнер для ароматических масел,Индикация режимов работы,Защита от включения без воды,Макс. расход воды,Верхний залив воды,Пульт управления в комплекте,ПЛОЩАДЬ ПОМЕЩЕНИЯ до,ВНУТРЕННИЙ ОБЪЕМ,Класс пылевлагозащищенности,Длина кабеля,Регулировка интенсивности увлажнения,Время непрерывной работы прибора,Страна производства,Регулировка яркости подсветки,Отключение звуковых сигналов,Режим 'теплый пар',Количество цветов подсветки резервуара для воды,Установка реального времени,Функция ионизации воздуха,Дыхательный тренажер,Количество цветов подсветки корпуса,Индикация температуры воздуха,Аварийное отключение при сильном наклоне или опрокидывании,УФ-обеззараживание,Индикация заполнения емкости,Инструкция с гарантийным талоном,Моющийся воздушный фильтр в комплекте,Антибактериальное покрытие бака,Active Carbon (фильтр угольный),Архивная модель,Управление c мобильного приложения по Wi-Fi,Функция управления с помощью пульта-метеостанции,Работает с Марусей,Работает с Алисой,Таймер на включение,Щеточка для очистки,Работает с HOMMYN,Режим FITNESS,Wi-Fi модуль,Режим YOGA,USB-разъем для Wi-Fi модуля,Функция будильника,Работа с умным домом,Изображения,Изображения,Изображения,Изображения,Изображения,Изображения,Изображения,Изображения
Вентиляция,,,,,,,,,,,,,,,,,,,,,,,,,,,,,,,,,,,,,,,,,,,,,,,,,,,,,,,,,,,,,,,,,,,,,,,,,,,,,,,,,,,,,,,,,,,,,,,,,,,,,,,,,,,,,,
!Увлажнители воздуха,,,,,,,,,,,,,,,,,,,,,,,,,,,,,,,,,,,,,,,,,,,,,,,,,,,,,,,,,,,,,,,,,,,,,,,,,,,,,,,,,,,,,,,,,,,,,,,,,,,,,,,,,,,,,,
EHU-4015 Увлажнитель воздуха ультразвуковой  Travel Electrolux,,RUB,1790.0,1,1,,"<p>Купить EHU-4015 Увлажнитель воздуха ультразвуковой  Travel Electrolux из наличия в ТД УЭТ. Доставка со склада в Екатеринбурге во все города России. Цена на EHU-4015 Увлажнитель воздуха ультразвуковой  Travel Electrolux актуальна. Для заказа и уточнения дополнительных скидок отправьте запрос по e-mail: sale@uralenergotel.ru. Для постоянных клиентов предусмотрены специальные цены.&nbsp;<br><br>Также вы можете воспользоваться боковым меню справа и выбрать необходимые для вас характеристики, либо подобрать аналогичные товары из наличия у нас на сайте.&nbsp;<br><br>Поставим EHU-4015 Увлажнитель воздуха ультразвуковой  Travel Electrolux напрямую со склада в города России: Москва, Санкт-Петербург, Казань, Самара, Екатеринбург, Челябинск, Уфа, Тюмень, Краснодар, Новосибирск, Пермь, Сургут, Омск, Красноярск, Ростов-на-Дону, Нижний Новгород, Волгоград, Чита, Иркутск и т.д.</p><h3>Описание</h3><p>&nbsp;</p><p>Поддерживайте здоровый микроклимат, где бы вы ни находились с увлажнителем воздуха Electrolux EHU-4015 Travel. </p>

<p>Благодаря компактным размерам и легкому весу его удобно брать с собой в поездки и путешествия, а также устанавливать в офисе на рабочем столе или на прикроватном столике.</p>

<p>Модель Electrolux EHU-4015 Travel – это мобильный увлажнитель воздуха, он занимает минимум места, легко помещается в рюкзак или чемодан любого размера. </p>

<p>В качестве бака для воды используется простая пластиковая бутылка объемом 0,5 – 1,5* литра. В увлажнителе предусмотрена специальная аромакапсула, в которую добавляются эфирные масла. Это позволяет создавать неповторимую атмосферу в помещении. </p>

<p>Стильные выдвижные ножки обеспечивают надежную устойчивость прибора, а также являются элементом дизайна.</p>

<p>Благодаря деликатной подсветке увлажнитель Electrolux Travel может служить ночником или декоративным элементом комнаты.</p>

<p>В комплект входит щеточка для чистки ультразвуковой мембраны, шнур с сетевым адаптером, сумочка для хранения, переходник для ПЭТ-бутылки и инструкция.</p>
<br />
<p><i>* Рекомендуемый резервуар – пластиковая бутылка для воды 0,5 литров (в комплект не входит), при максимально выдвинутых ножках в увлажнитель можно устанавливать бутылку объемом до 1,5 литров.</i></p>",,1,,Купить EHU-4015 Увлажнитель воздуха ультразвуковой  Travel Electrolux с доставкой на uralenergotel.ru,Купить EHU-4015 Увлажнитель воздуха ультразвуковой  Travel Electrolux по низкой цене у официального дилера ТД УЭТ,ehu_4015,Уточняйте у менеджера,"Доставка со складов: Екатеринбург, Киржач, Орехово-Зеуво, Лакинск, Петушки",Electrolux,Travel,EHU-4015,Сетевой кабель с вилкой,Съемный,0.5,Нет,Нет,Дизайнерская,Нет,Нет,15.1,Нет,Увлажнение за счет колебаний ультразвуковой мембраны,Гарантийный талон,9.7,Да,Нет,17.8,Нет,Да,2 года,Да,Travel,10.8,Нет,6.9,1.5,12.6,40,20,Нет,Да,0.24,14,< 40,Нет,,Да,Да,Нет,Да,Нет,Нет,Да,Нет,Да,0.13,Нет,Нет,20,0.5,IPX0,,Да,3-10,КНР,,,Нет,,,Нет,,,Нет,Нет,,,В комплекте,,,,,,,,,,,,,,,,,,https://rkcdn.ru/products/d6e3e2ce-459e-11e9-aae7-ac162d7b6f40/src.jpg,https://rkcdn.ru/products/014c5f0a-45a5-11e9-aae7-ac162d7b6f40/src.jpg,https://rkcdn.ru/products/5ddb152f-4b1c-11e9-aae7-ac162d7b6f40/src.jpg,https://rkcdn.ru/products/822fe390-014f-11ee-b736-005056013a69/src.jpg,https://rkcdn.ru/products/e4a1cdc4-459e-11e9-aae7-ac162d7b6f40/src.jpg,https://rkcdn.ru/products/f56f2c6a-45a4-11e9-aae7-ac162d7b6f40/src.jpg,,
EHU-3815D Увлажнитель-ecoBIOCOMPLEX ультразвуковой  YOGAhealthline Electrolux,,RUB,10990.0,0,1,,"<p>Купить EHU-3815D Увлажнитель-ecoBIOCOMPLEX ультразвуковой  YOGAhealthline Electrolux из наличия в ТД УЭТ. Доставка со склада в Екатеринбурге во все города России. Цена на EHU-3815D Увлажнитель-ecoBIOCOMPLEX ультразвуковой  YOGAhealthline Electrolux актуальна. Для заказа и уточнения дополнительных скидок отправьте запрос по e-mail: sale@uralenergotel.ru. Для постоянных клиентов предусмотрены специальные цены.&nbsp;<br><br>Также вы можете воспользоваться боковым меню справа и выбрать необходимые для вас характеристики, либо подобрать аналогичные товары из наличия у нас на сайте.&nbsp;<br><br>Поставим EHU-3815D Увлажнитель-ecoBIOCOMPLEX ультразвуковой  YOGAhealthline Electrolux напрямую со склада в города России: Москва, Санкт-Петербург, Казань, Самара, Екатеринбург, Челябинск, Уфа, Тюмень, Краснодар, Новосибирск, Пермь, Сургут, Омск, Красноярск, Ростов-на-Дону, Нижний Новгород, Волгоград, Чита, Иркутск и т.д.</p><h3>Описание</h3><p>&nbsp;</p><p><b>С увлажнителем-ecoBIOCOMPLEX YOGAhealthline® Вы и Ваши близкие будете чувствовать силу здоровья каждый день.</b></p>

<p>Увлажнитель-ecoBIOCOMPLEX - новая категория техники, направленная на оздоровление организма взрослых и детей, создание оптимальной влажности в доме и формирование комфортных условий для занятий фитнесом, йогой или просто для расслабления и отдыха.</p>

<p>Увлажнитель-ecoBIOCOMPLEX YOGAhealthline® - это многофункциональный ультразвуковой увлажнитель воздуха с функцией <b>светового будильника-антистресс</b> и встроенным <b>дыхательным тренажером PRANA</b>.</p>

<p>Он оснащен 4-ступенчатой <b>системой стерилизации пара Bio-Corp+ , которая обеспечивает уничтожение 99,9% бактерий*</b>,  пакетом интеллектуальных <b>SMART-режимов</b>, имеет двухуровневое <b>релаксационное освещение</b> и <b>таймеры</b> для разных режимов.</p>

<p>Выбирайте удобный для вас тип управления увлажнителем-ecoBIOCOMPLEX : <b>дистанционно по Wi-Fi через мобильное приложение</b>, с помощью <b>датчика движения Smart Eye,  пульта-метеостанции</b> или <b>сенсорной шкалы Sense Touch</b>.</p>

<p><i>* на основании исследования независимой лаборатории Guangzhou Testing Center of Industrial Microbiology в 2015 г.</i></p>

<h4>20 полезных функций:</h4>

<ul class=""ul"">
<li>Световой будильник-антистресс Health Wake</li>
<li>Дыхательный тренажер Prana (с автоматическими режимами и индивидуальными настройками)</li>
<li>Верхнее и нижнее релаксационное освещение Relax Therapy</li>
<li>4-ступенчатая система стерилизации пара Bio-Corp+ (антисептический бак, система пастеризации воды, ультрафиолетовая лампа, обеззараживающий фильтр-картридж)</li>
<li>Домашняя метеостанция с 3 вариантами дисплея</li>
<li>Функция пастеризации воды «теплый пар»</li>
<li>Аромакапсула Aroma Therapy </li>
<li>Ионизация воздуха (отключаемая)</li>
<li>Ультрафиолетовая лампа с длиной волны 254 Нм</li>
<li>Таймеры на включение и выключение прибора</li>
<li>Световые таймеры для медитаций</li>
<li>Регулировка яркости и длительности горения подсветки</li>
<li>Экранные часы (отключаемые)</li>
<li>Отключение звуковых сигналов</li>
<li>Блокировка панели управления</li>
<li>Сенсорная шкала для изменения настроек в одно касание</li>
</ul>

<h4>10 режимов работы:</h4>
<ul class=""ul"">
<li><b>Автоматический SMART-режим:</b> диагностирует температуру воздуха в помещении, корректируя уровень относительной влажности и интенсивность испарения.</li>
<li><b>Ночной SMART-режим:</b> не только поддерживает оптимальный уровень влажности, но и отключает лишние световые индикации, способствуя здоровому сну.</li>
<li><b>Детский режим BABY:</b> поддерживает оптимальную влажность для новорожденных и детей до 5 лет, активирует 4-ступенчатую систему стерилизации пара Bio-Corp+.</li>
<li><b>Иммуностимулирующий режим HEALTH:</b> создает щадящие условия для людей с повышенной чувствительностью дыхательных путей и сокращает количество аллергенов в воздухе.</li>
<li><b>Режим для спорта FITNESS:</b> поддерживает уровень влажности, необходимый для правильного теплообмена при занятиях активными видами спорта.</li>
<li><b>Режим для йоги YOGA:</b> создает комфортные климатические условия для занятий йогой, стретчингом и калланетикой и активирует световой таймер.</li>
<li><b>Режим для медитаций MEDITATION:</b> специально разработан для проведения медитаций, в этом режиме активируется световой таймер, который позволяет плавно выйти из медитации.</li>
<li><b>Ручной полуавтоматический SMART-режим:</b> позволяет задать желаемый уровень влажности и интенсивность испарения.</li>
<li><b>Режим метеостанции:</b> на дисплее отображаются текущие показатели влажности и температуры воздуха в помещении, даже в режиме ожидания.</li>
<li><b>Демонстрационный режим:</b> наглядно демонстрирует все функции и режимы прибора без залива воды в бак.</li>
</ul>

<h4>Интеллектуальное управление</h4>

<p>Дополнительные опциональные модули для увлажнителя-ecoBIOCOMPLEX YOGAhealthline® расширяют функциональные возможности прибора и предоставляют свободу выбора комплектации.</p>

<p><b>IQ-модуль Wi-Fi</b> позволяет управлять всеми функциями и режимами увлажнителя-ecoBIOCOMPLEX с любого мобильного устройства (телефон, планшет, компьютер) через приложение Home Comfort: climatic appliances. В комплект поставки не входит, приобретается отдельно.</p>

<p><b>IQ-модуль Smart Eye</b> со встроенным датчиком присутствия позволяет увеличить время работы увлажнителя-ecoBIOCOMPLEX до 5 дней без долива воды, при этом экономия электроэнергии и воды - до 40%. В комплект поставки не входит, приобретается отдельно.</p>

<p><b>IQ-метеопульт с функцией I-Feel</b> с высококонтрастным дисплеем и акриловым стеклом является не только пультом ДУ для увлажнителя-ecoBIOCOMPLEX, но и  многофункциональной метеостанцией, дублирующей основные режимы прибора. Уникальная для увлажнителей технология I-Feel дает возможность поддерживать заданную влажность в области расположения IQ-метеопульта, а не прибора. В комплект поставки не входит, приобретается отдельно.</p>",,1,,Купить EHU-3815D Увлажнитель-ecoBIOCOMPLEX ультразвуковой  YOGAhealthline Electrolux с доставкой на uralenergotel.ru,Купить EHU-3815D Увлажнитель-ecoBIOCOMPLEX ультразвуковой  YOGAhealthline Electrolux по низкой цене у официального дилера ТД УЭТ,ehu_3815d,Уточняйте у менеджера,"Доставка со складов: Екатеринбург, Киржач, Орехово-Зеуво, Лакинск, Петушки",Electrolux,YOGAhealthline,EHU-3815D,Сетевой кабель с вилкой,Съемный,3.6,Да,Да,Дизайнерская,Да,Да,49.5,Да,Увлажнение за счет колебаний ультразвуковой мембраны,Гарантийный талон,25,Да,Да,27,Да,Да,2 года,Да,YOGAhealthline,45,Да,20.9,6.3,20.9,40,50,Да,Да,2.9,110,< 21,Да,Да,Да,Да,Да,Да,Да,Да,Да,Да,Да,0.55,Нет,Доп. опция,50,6.3,IP20,,Да,,КНР,Да,Да,Да,3,Да,Да,Да,3,Да,Да,Да,,В комплекте,,Да,,,Да,Да (специальный модуль приобретается отдельно),Нет,Нет,Да,Да,Нет,Да,Доп.опция,Да,Да,Да,,https://rkcdn.ru/products/075697dc-bb89-11e8-a995-ac162d7b6f40/src.jpg,https://rkcdn.ru/products/5c821c02-bb89-11e8-a995-ac162d7b6f40/src.jpg,https://rkcdn.ru/products/52ceb4de-bb89-11e8-a995-ac162d7b6f40/src.jpg,https://rkcdn.ru/products/47fddae2-bb89-11e8-a995-ac162d7b6f40/src.jpg,https://rkcdn.ru/products/3e6e2219-bb89-11e8-a995-ac162d7b6f40/src.jpg,https://rkcdn.ru/products/34dc085b-bb89-11e8-a995-ac162d7b6f40/src.jpg,https://rkcdn.ru/products/27a57775-bb89-11e8-a995-ac162d7b6f40/src.jpg,https://rkcdn.ru/products/15f6ba3a-bb89-11e8-a995-ac162d7b6f40/src.jpg
EHU-3615D GlossLine Увлажнитель воздуха ультразвуковой  Electrolux,,RUB,7490.0,0,1,,"<p>Купить EHU-3615D GlossLine Увлажнитель воздуха ультразвуковой  Electrolux из наличия в ТД УЭТ. Доставка со склада в Екатеринбурге во все города России. Цена на EHU-3615D GlossLine Увлажнитель воздуха ультразвуковой  Electrolux актуальна. Для заказа и уточнения дополнительных скидок отправьте запрос по e-mail: sale@uralenergotel.ru. Для постоянных клиентов предусмотрены специальные цены.&nbsp;<br><br>Также вы можете воспользоваться боковым меню справа и выбрать необходимые для вас характеристики, либо подобрать аналогичные товары из наличия у нас на сайте.&nbsp;<br><br>Поставим EHU-3615D GlossLine Увлажнитель воздуха ультразвуковой  Electrolux напрямую со склада в города России: Москва, Санкт-Петербург, Казань, Самара, Екатеринбург, Челябинск, Уфа, Тюмень, Краснодар, Новосибирск, Пермь, Сургут, Омск, Красноярск, Ростов-на-Дону, Нижний Новгород, Волгоград, Чита, Иркутск и т.д.</p><h3>Описание</h3><p>&nbsp;</p><p>Поддерживайте правильную влажность в доме с помощью стильного и современного увлажнителя воздуха Electrolux EHU-3615D GlossLine. </p>

<p>Прибор обладает высокой производительности до 500 мл/ч, благодаря чему быстро создает полезный микроклимат в помещении, насыщая воздух живительной влагой.</p>

<p>Теперь вы можете более точно отрегулировать интенсивность испарения - в увлажнителе Electrolux GlossLine предусмотрено 7 скоростей испарения Seven Steps, что позволяет индивидуально настроить количество подаваемого в помещение пара.</p>

<p>Увлажнитель обладает богатым функционалом: Smart-режимы (детский, ночной, автоматический), пастеризация воды в режиме ""теплый пар"", таймер работы на 12 часов, ионизация воздуха, пульт дистанционного управления в комплекте.</p>

<p>Увлажнитель Electrolux EHU-3615D GlossLine оснащен комбинированным фильтром HEPA + Carbon, включающим в себя HEPA-фильтр, который задерживает мельчайшие частицы, в том числе аллергены, а также угольный фильтр, нейтрализующий неприятные запахи.</p>

<p>В сезон вспышек простудных заболеваний будет незаменимым режим ароматизации воздуха: всего несколько капель эфирного масла, рекомендованного вашим доктором, создадут эффект ингаляции и поспособствует укреплению иммунитета.</p>",,1,,Купить EHU-3615D GlossLine Увлажнитель воздуха ультразвуковой  Electrolux с доставкой на uralenergotel.ru,Купить EHU-3615D GlossLine Увлажнитель воздуха ультразвуковой  Electrolux по низкой цене у официального дилера ТД УЭТ,ehu_3615d_glossline,Уточняйте у менеджера,"Доставка со складов: Екатеринбург, Киржач, Орехово-Зеуво, Лакинск, Петушки",Electrolux,GlossLine,EHU-3615D GlossLine,Сетевой кабель с вилкой,Съемный,3.6,Да,Да,Прямоугольная,Да,Да,39,Нет,Увлажнение за счет колебаний ультразвуковой мембраны,Гарантийный талон,27.5,Да,Да,27.5,Да,Да,2 года,Да,GlossLine,35,Да,22,5.3,23,40,30,Да,Да,2.92,110,< 35,Да,Да,Да,Да,,Да,,Да,Да,Да,Да,0.5,Нет,Да,30,5.3,IP20,,Да,,КНР,,,Да,,,Да,,,Да,Да,,Да,В комплекте,,,,,,,,,Да,Да,,,,,,,,https://rkcdn.ru/products/340cf18e-d489-11e9-a777-ac162d7b6f40/src.jpg,https://rkcdn.ru/products/1364e7c6-d48a-11e9-a777-ac162d7b6f40/src.jpg,https://rkcdn.ru/products/8389b146-d489-11e9-a777-ac162d7b6f40/src.jpg,https://rkcdn.ru/products/bd0202fe-d489-11e9-a777-ac162d7b6f40/src.jpg,https://rkcdn.ru/products/d5d2e576-d489-11e9-a777-ac162d7b6f40/src.jpg,https://rkcdn.ru/products/f9126b9e-d489-11e9-a777-ac162d7b6f40/src.jpg,,
EHU-3810D Увлажнитель-ecoBIOCOMPLEX ультразвуковой  YOGAhealthline Electrolux,,RUB,10990.0,0,1,,"<p>Купить EHU-3810D Увлажнитель-ecoBIOCOMPLEX ультразвуковой  YOGAhealthline Electrolux из наличия в ТД УЭТ. Доставка со склада в Екатеринбурге во все города России. Цена на EHU-3810D Увлажнитель-ecoBIOCOMPLEX ультразвуковой  YOGAhealthline Electrolux актуальна. Для заказа и уточнения дополнительных скидок отправьте запрос по e-mail: sale@uralenergotel.ru. Для постоянных клиентов предусмотрены специальные цены.&nbsp;<br><br>Также вы можете воспользоваться боковым меню справа и выбрать необходимые для вас характеристики, либо подобрать аналогичные товары из наличия у нас на сайте.&nbsp;<br><br>Поставим EHU-3810D Увлажнитель-ecoBIOCOMPLEX ультразвуковой  YOGAhealthline Electrolux напрямую со склада в города России: Москва, Санкт-Петербург, Казань, Самара, Екатеринбург, Челябинск, Уфа, Тюмень, Краснодар, Новосибирск, Пермь, Сургут, Омск, Красноярск, Ростов-на-Дону, Нижний Новгород, Волгоград, Чита, Иркутск и т.д.</p><h3>Описание</h3><p>&nbsp;</p><p><b>С увлажнителем-ecoBIOCOMPLEX YOGAhealthline® Вы и Ваши близкие будете чувствовать силу здоровья каждый день.</b></p>

<p>Увлажнитель-ecoBIOCOMPLEX - новая категория техники, направленная на оздоровление организма взрослых и детей, создание оптимальной влажности в доме и формирование комфортных условий для занятий фитнесом, йогой или просто для расслабления и отдыха.</p>

<p>Увлажнитель-ecoBIOCOMPLEX YOGAhealthline® - это многофункциональный ультразвуковой увлажнитель воздуха с функцией <b>светового будильника-антистресс</b> и встроенным <b>дыхательным тренажером PRANA</b>.</p>

<p>Он оснащен 4-ступенчатой <b>системой стерилизации пара Bio-Corp+ , которая обеспечивает уничтожение 99,9% бактерий*</b>,  пакетом интеллектуальных <b>SMART-режимов</b>, имеет двухуровневое <b>релаксационное освещение</b> и <b>таймеры</b> для разных режимов.</p>

<p>Выбирайте удобный для вас тип управления увлажнителем-ecoBIOCOMPLEX : <b>дистанционно по Wi-Fi через мобильное приложение</b>, с помощью <b>датчика движения Smart Eye,  пульта-метеостанции</b> или <b>сенсорной шкалы Sense Touch</b>.</p>

<p><i>* на основании исследования независимой лаборатории Guangzhou Testing Center of Industrial Microbiology в 2015 г.</i></p>

<h4>20 полезных функций:</h4>

<ul class=""ul"">
<li>Световой будильник-антистресс Health Wake</li>
<li>Дыхательный тренажер Prana (с автоматическими режимами и индивидуальными настройками)</li>
<li>Верхнее и нижнее релаксационное освещение Relax Therapy</li>
<li>4-ступенчатая система стерилизации пара Bio-Corp+ (антисептический бак, система пастеризации воды, ультрафиолетовая лампа, обеззараживающий фильтр-картридж)</li>
<li>Домашняя метеостанция с 3 вариантами дисплея</li>
<li>Функция пастеризации воды «теплый пар»</li>
<li>Аромакапсула Aroma Therapy </li>
<li>Ионизация воздуха (отключаемая)</li>
<li>Ультрафиолетовая лампа с длиной волны 254 Нм</li>
<li>Таймеры на включение и выключение прибора</li>
<li>Световые таймеры для медитаций</li>
<li>Регулировка яркости и длительности горения подсветки</li>
<li>Экранные часы (отключаемые)</li>
<li>Отключение звуковых сигналов</li>
<li>Блокировка панели управления</li>
<li>Сенсорная шкала для изменения настроек в одно касание</li>
</ul>

<h4>10 режимов работы:</h4>
<ul class=""ul"">
<li><b>Автоматический SMART-режим:</b> диагностирует температуру воздуха в помещении, корректируя уровень относительной влажности и интенсивность испарения.</li>
<li><b>Ночной SMART-режим:</b> не только поддерживает оптимальный уровень влажности, но и отключает лишние световые индикации, способствуя здоровому сну.</li>
<li><b>Детский режим BABY:</b> поддерживает оптимальную влажность для новорожденных и детей до 5 лет, активирует 4-ступенчатую систему стерилизации пара Bio-Corp+.</li>
<li><b>Иммуностимулирующий режим HEALTH:</b> создает щадящие условия для людей с повышенной чувствительностью дыхательных путей и сокращает количество аллергенов в воздухе.</li>
<li><b>Режим для спорта FITNESS:</b> поддерживает уровень влажности, необходимый для правильного теплообмена при занятиях активными видами спорта.</li>
<li><b>Режим для йоги YOGA:</b> создает комфортные климатические условия для занятий йогой, стретчингом и калланетикой и активирует световой таймер.</li>
<li><b>Режим для медитаций MEDITATION:</b> специально разработан для проведения медитаций, в этом режиме активируется световой таймер, который позволяет плавно выйти из медитации.</li>
<li><b>Ручной полуавтоматический SMART-режим:</b> позволяет задать желаемый уровень влажности и интенсивность испарения.</li>
<li><b>Режим метеостанции:</b> на дисплее отображаются текущие показатели влажности и температуры воздуха в помещении, даже в режиме ожидания.</li>
<li><b>Демонстрационный режим:</b> наглядно демонстрирует все функции и режимы прибора без залива воды в бак.</li>
</ul>

<h4>Интеллектуальное управление</h4>

<p>Дополнительные опциональные модули для увлажнителя-ecoBIOCOMPLEX YOGAhealthline® расширяют функциональные возможности прибора и предоставляют свободу выбора комплектации.</p>

<p><b>IQ-модуль Wi-Fi</b> позволяет управлять всеми функциями и режимами увлажнителя-ecoBIOCOMPLEX с любого мобильного устройства (телефон, планшет, компьютер) через приложение Home Comfort: climatic appliances. В комплект поставки не входит, приобретается отдельно.</p>

<p><b>IQ-модуль Smart Eye</b> со встроенным датчиком присутствия позволяет увеличить время работы увлажнителя-ecoBIOCOMPLEX до 5 дней без долива воды, при этом экономия электроэнергии и воды - до 40%. В комплект поставки не входит, приобретается отдельно.</p>

<p><b>IQ-метеопульт с функцией I-Feel</b> с высококонтрастным дисплеем и акриловым стеклом является не только пультом ДУ для увлажнителя-ecoBIOCOMPLEX, но и  многофункциональной метеостанцией, дублирующей основные режимы прибора. Уникальная для увлажнителей технология I-Feel дает возможность поддерживать заданную влажность в области расположения IQ-метеопульта, а не прибора. В комплект поставки не входит, приобретается отдельно.</p>",,1,,Купить EHU-3810D Увлажнитель-ecoBIOCOMPLEX ультразвуковой  YOGAhealthline Electrolux с доставкой на uralenergotel.ru,Купить EHU-3810D Увлажнитель-ecoBIOCOMPLEX ультразвуковой  YOGAhealthline Electrolux по низкой цене у официального дилера ТД УЭТ,ehu_3810d,Уточняйте у менеджера,"Доставка со складов: Екатеринбург, Киржач, Орехово-Зеуво, Лакинск, Петушки",Electrolux,YOGAhealthline,EHU-3810D,Сетевой кабель с вилкой,Съемный,3.6,Да,Да,Дизайнерская,Да,Да,49.5,Да,Увлажнение за счет колебаний ультразвуковой мембраны,Гарантийный талон,24,Да,Да,26.5,Да,Да,2 года,Да,YOGAhealthline,45,Да,20.9,6.3,20.9,40,50,Да,Да,2.9,110,< 21,Да,Да,Да,Да,Да,Да,Да,Да,Да,Да,Да,0.55,Нет,Доп. опция,50,6.3,IP20,,Да,,КНР,Да,Да,Да,3,Да,Да,Да,3,Да,Да,Да,,В комплекте,,Да,,,Да,Да (специальный модуль приобретается отдельно),Нет,Нет,Да,Да,Нет,Да,Доп.опция,Да,Да,Да,,https://rkcdn.ru/products/a4d816ad-bb88-11e8-a995-ac162d7b6f40/src.jpg,https://rkcdn.ru/products/98de53ed-bb88-11e8-a995-ac162d7b6f40/src.jpg,https://rkcdn.ru/products/c5b644d5-bb88-11e8-a995-ac162d7b6f40/src.jpg,https://rkcdn.ru/products/b934d57d-bb88-11e8-a995-ac162d7b6f40/src.jpg,https://rkcdn.ru/products/ebce262d-bb88-11e8-a995-ac162d7b6f40/src.jpg,https://rkcdn.ru/products/e1409105-bb88-11e8-a995-ac162d7b6f40/src.jpg,https://rkcdn.ru/products/d5fe15bd-bb88-11e8-a995-ac162d7b6f40/src.jpg,https://rkcdn.ru/products/f7dd5505-bb88-11e8-a995-ac162d7b6f40/src.jpg
EHU-5010D TopLine Увлажнитель воздуха ультразвуковой  Electrolux,,RUB,5890.0,0,1,,"<p>Купить EHU-5010D TopLine Увлажнитель воздуха ультразвуковой  Electrolux из наличия в ТД УЭТ. Доставка со склада в Екатеринбурге во все города России. Цена на EHU-5010D TopLine Увлажнитель воздуха ультразвуковой  Electrolux актуальна. Для заказа и уточнения дополнительных скидок отправьте запрос по e-mail: sale@uralenergotel.ru. Для постоянных клиентов предусмотрены специальные цены.&nbsp;<br><br>Также вы можете воспользоваться боковым меню справа и выбрать необходимые для вас характеристики, либо подобрать аналогичные товары из наличия у нас на сайте.&nbsp;<br><br>Поставим EHU-5010D TopLine Увлажнитель воздуха ультразвуковой  Electrolux напрямую со склада в города России: Москва, Санкт-Петербург, Казань, Самара, Екатеринбург, Челябинск, Уфа, Тюмень, Краснодар, Новосибирск, Пермь, Сургут, Омск, Красноярск, Ростов-на-Дону, Нижний Новгород, Волгоград, Чита, Иркутск и т.д.</p><h3>Описание</h3><p>&nbsp;</p><h4>Описание</h4>

<p>Управлять климатом в доме будет легко и удобно с увлажнителем воздуха  Electrolux EHU-5010D TopLine. Всего одна сенсорная клавиша управляет  всеми функциями прибора, а верхний залив воды обеспечивает быстрое и простое обслуживание.</p>

<p>Вы можете отслеживать уровень влажности в помещении по цвету подсветки бака с инновационной технологией Intelligent Pro. Оранжевый цвет сигнализирует, что уровень влажности критически низкий, фиолетовый – о нормальных показателях и голубой – о высоком уровне влажности. При желании подсветку бака можно отключить. </p>

<p>Создать неповторимую атмосферу в доме можно с режимом ароматизации воздуха: всего несколько капель эфирного масла и в доме царит гармония и уют.</p>

<p>В увлажнителе Electrolux EHU-5010D TopLine установлен фильтр предварительной очистки, который удерживает крупные частицы пыли и грязи, не допуская их попадания на внутренние части увлажнителя. Это обеспечивает защиту прибора от поломок и продлевает срок его службы. Фильтр также содержит уголь, который борется с неприятными запахами.</p>

<p>В 2019 году модель Electrolux EHU-5010D TopLine получила авторитетную международную награду в области дизайна Red Dot Design Awards в номинации ""Дизайн продукта"". </p>",,1,,Купить EHU-5010D TopLine Увлажнитель воздуха ультразвуковой  Electrolux с доставкой на uralenergotel.ru,Купить EHU-5010D TopLine Увлажнитель воздуха ультразвуковой  Electrolux по низкой цене у официального дилера ТД УЭТ,ehu_5010d_topline,Уточняйте у менеджера,"Доставка со складов: Екатеринбург, Киржач, Орехово-Зеуво, Лакинск, Петушки",Electrolux,TopLine,EHU-5010D TopLine,Сетевой кабель с вилкой,Съемный,1.82,,Нет,Прямоугольная,Нет,Нет,31.7,Да,Увлажнение за счет колебаний ультразвуковой мембраны,Гарантийный талон,16.8,Да,Нет,23.9,,Да,2 года,Да,TopLine,29.4,Нет,16,4,23,40,30,Нет,Да,1.52,24,< 38,Да,,Да,Да,,Да,,Нет,Да,Да,Да,0.35,Да,Нет,30,4,IPX0,,Да,,КНР,,,Нет,,,Нет,,,,Да,,,В комплекте,,,,,,,,,,,,,,,,,,https://rkcdn.ru/products/ad67d9d6-d495-11e9-a777-ac162d7b6f40/src.jpg,https://rkcdn.ru/products/027fe3d6-d496-11e9-a777-ac162d7b6f40/src.jpg,https://rkcdn.ru/products/37b60e1e-d496-11e9-a777-ac162d7b6f40/src.jpg,https://rkcdn.ru/products/5bb6611e-d496-11e9-a777-ac162d7b6f40/src.jpg,https://rkcdn.ru/products/cb7bf4de-d495-11e9-a777-ac162d7b6f40/src.jpg,https://rkcdn.ru/products/e57b21fe-d495-11e9-a777-ac162d7b6f40/src.jpg,,
EHU-3910D YOGAhealthline 2.0 Увлажнитель-ecoBIOCOMPLEX ультразвуковой  Electrolux,,RUB,19990.0,1,1,,"<p>Купить EHU-3910D YOGAhealthline 2.0 Увлажнитель-ecoBIOCOMPLEX ультразвуковой  Electrolux из наличия в ТД УЭТ. Доставка со склада в Екатеринбурге во все города России. Цена на EHU-3910D YOGAhealthline 2.0 Увлажнитель-ecoBIOCOMPLEX ультразвуковой  Electrolux актуальна. Для заказа и уточнения дополнительных скидок отправьте запрос по e-mail: sale@uralenergotel.ru. Для постоянных клиентов предусмотрены специальные цены.&nbsp;<br><br>Также вы можете воспользоваться боковым меню справа и выбрать необходимые для вас характеристики, либо подобрать аналогичные товары из наличия у нас на сайте.&nbsp;<br><br>Поставим EHU-3910D YOGAhealthline 2.0 Увлажнитель-ecoBIOCOMPLEX ультразвуковой  Electrolux напрямую со склада в города России: Москва, Санкт-Петербург, Казань, Самара, Екатеринбург, Челябинск, Уфа, Тюмень, Краснодар, Новосибирск, Пермь, Сургут, Омск, Красноярск, Ростов-на-Дону, Нижний Новгород, Волгоград, Чита, Иркутск и т.д.</p><h3>Описание</h3><p>&nbsp;</p><p>
    Сила здоровья и непревзойденный комфорт каждый день. Увлажнитель - ecoBIOCOMPLEX YOGAhealthline 2.0 – продукт,
    способный создавать комфортные климатические условия для поддержания здоровья всех членов семьи, а также быть
    помощником и тренером при выполнении упражнений во время занятий фитнесом и практиками йога.
</p>
<p>
    <b>EHU-3910D/3915D YOGAhealthline</b> подходит для сохранения оптимальной влажности воздуха в квартире площадью до
    65 м<sup>2</sup> на протяжении 24 ч в сутки. Высокую производительность обеспечивает мембрана последнего поколения
    NanoActive. Вместительный бак объемом 9,4 л позволяет заливать воду всего 1 раз в сутки.<br>
    Безопасность пара гарантирует система комплексной очистки BIO COP +:
<ul>
    <li>стерилизация воздуха бактерицидными УФ диодами нового поколения Ulytaviolet Pro; </li>
    <li>пастеризация с нагревом воды до 600; обеззараживание воды ионами серебра, содержащимися в антибактериальном
        пластике бака и инновационном запатентованном фильтре-картридже AG+. </li>
</ul>
</p>
<p>
    Интеллектуальные SMART-режимы HEALTH и FITNESS ультразвукового увлажнителя воздуха справятся с пониженной влажностью
    воздуха в квартире зимой, создадут комфортные условия для занятия спортом и поддержат иммунитет.<br>
    Режим BABY позволит использовать увлажнитель для детской комнаты и создаст влажность 55% для здоровья малышей.
    Запатентованные умные режимы YOGA, PRANA и MEDITATION увлажнителя воздуха для квартиры помогут сконцентрироваться и
    обеспечат идеальные условия для занятий йогой, медитацией и дыхательной практикой.
</p>
<p>
    Световой будильник воздухоувлажнителя подготовит организм к легкому и естественному пробуждению. Являясь обладателем
    7 патентов*, увлажнитель-экобиокомплекс YOGAhealthline 2.0 стал техническим воплощением заботы о здоровье каждого
    члена семьи. Вам больше не нужно думать о том, как увлажнить воздух в комнате для взрослых и какой выбрать увлажнитель для
    детей. 
</p>
<p>
    Чувствуйте силу здоровья каждый день вместе с новым увлажнителем-ecoBIOCOMPLEX YOGAhealthline 2.0.
</p>",,1,,Купить EHU-3910D YOGAhealthline 2.0 Увлажнитель-ecoBIOCOMPLEX ультразвуковой  Electrolux с доставкой на uralenergotel.ru,Купить EHU-3910D YOGAhealthline 2.0 Увлажнитель-ecoBIOCOMPLEX ультразвуковой  Electrolux по низкой цене у официального дилера ТД УЭТ,ehu_3910d_yogahealthline_2_0,Уточняйте у менеджера,"Доставка со складов: Екатеринбург, Киржач, Орехово-Зеуво, Лакинск, Петушки",Electrolux,YOGAhealthline 2.0,EHU-3910D YOGAhealthline 2.0,Сетевой кабель с вилкой,Съемный,4.9,Да,Да,Дизайнерская,Да,Да,51.5,Да,Увлажнение за счет колебаний ультразвуковой мембраны,Гарантийный талон,30,Да,Да,30.5,Да,Да,2 года,Да,YOGAhealthline 2.0,48.2,Да,26.3,9.4,26.3,40,65,Да,Да,3.9,40,< 21,Да,Да,Да,Да,Да,Да,Да,Да,Да,Да,Да,0.55,Нет,Нет,65,9.4,IPX0,,Да,,КНР,Да,Да,Да,7,Да,Да,Да,7,Да,Да,Да,,В комплекте,,Да,,,Да,,Да,Да,Да,Да,Да,Да,Встроенный,Да,,Да,Да,https://rkcdn.ru/products/d5fe65ac-8e31-11ec-b731-005056013a69/src.jpg,https://rkcdn.ru/products/b116120e-8e32-11ec-b731-005056013a69/src.jpg,https://rkcdn.ru/products/715d98dc-8e32-11ec-b731-005056013a69/src.jpg,https://rkcdn.ru/products/7e31b0f4-8e32-11ec-b731-005056013a69/src.jpg,https://rkcdn.ru/products/99ad5ec1-8e32-11ec-b731-005056013a69/src.jpg,https://rkcdn.ru/products/a5f94ed7-8e32-11ec-b731-005056013a69/src.jpg,,
EHU-3610D GlossLine Увлажнитель воздуха ультразвуковой  Electrolux,,RUB,7490.0,1,1,,"<p>Купить EHU-3610D GlossLine Увлажнитель воздуха ультразвуковой  Electrolux из наличия в ТД УЭТ. Доставка со склада в Екатеринбурге во все города России. Цена на EHU-3610D GlossLine Увлажнитель воздуха ультразвуковой  Electrolux актуальна. Для заказа и уточнения дополнительных скидок отправьте запрос по e-mail: sale@uralenergotel.ru. Для постоянных клиентов предусмотрены специальные цены.&nbsp;<br><br>Также вы можете воспользоваться боковым меню справа и выбрать необходимые для вас характеристики, либо подобрать аналогичные товары из наличия у нас на сайте.&nbsp;<br><br>Поставим EHU-3610D GlossLine Увлажнитель воздуха ультразвуковой  Electrolux напрямую со склада в города России: Москва, Санкт-Петербург, Казань, Самара, Екатеринбург, Челябинск, Уфа, Тюмень, Краснодар, Новосибирск, Пермь, Сургут, Омск, Красноярск, Ростов-на-Дону, Нижний Новгород, Волгоград, Чита, Иркутск и т.д.</p><h3>Описание</h3><p>&nbsp;</p><p>Поддерживайте правильную влажность в доме с помощью стильного и современного увлажнителя воздуха Electrolux EHU-3610D GlossLine. </p>

<p>Прибор обладает высокой производительности до 500 мл/ч, благодаря чему быстро создает полезный микроклимат в помещении, насыщая воздух живительной влагой.</p>

<p>Теперь вы можете более точно отрегулировать интенсивность испарения - в увлажнителе Electrolux GlossLine предусмотрено 7 скоростей испарения Seven Steps, что позволяет индивидуально настроить количество подаваемого в помещение пара.</p>

<p>Увлажнитель обладает богатым функционалом: Smart-режимы (детский, ночной, автоматический), пастеризация воды в режиме ""теплый пар"", таймер работы на 12 часов, ионизация воздуха, пульт дистанционного управления в комплекте.</p>

<p>Увлажнитель Electrolux EHU-3610D GlossLine оснащен комбинированным фильтром HEPA + Carbon, включающим в себя HEPA-фильтр, который задерживает мельчайшие частицы, в том числе аллергены, а также угольный фильтр, нейтрализующий неприятные запахи.</p>

<p>В сезон вспышек простудных заболеваний будет незаменимым режим ароматизации воздуха: всего несколько капель эфирного масла, рекомендованного вашим доктором, создадут эффект ингаляции и поспособствует укреплению иммунитета.</p>",,1,,Купить EHU-3610D GlossLine Увлажнитель воздуха ультразвуковой  Electrolux с доставкой на uralenergotel.ru,Купить EHU-3610D GlossLine Увлажнитель воздуха ультразвуковой  Electrolux по низкой цене у официального дилера ТД УЭТ,ehu_3610d_glossline,Уточняйте у менеджера,"Доставка со складов: Екатеринбург, Киржач, Орехово-Зеуво, Лакинск, Петушки",Electrolux,GlossLine,EHU-3610D GlossLine,Сетевой кабель с вилкой,Съемный,3.6,Да,Да,Прямоугольная,Да,Да,39,Нет,Увлажнение за счет колебаний ультразвуковой мембраны,Гарантийный талон,27.5,Да,Да,27.5,Да,Да,2 года,Да,GlossLine,35,Да,22,5.3,23,40,30,Да,Да,2.92,110,< 35,Да,Да,Да,Да,,Да,,Да,Да,Да,Да,0.5,Нет,Да,30,5.3,IP20,,Да,,КНР,,,Да,,,Да,,,Да,Да,,Да,В комплекте,,,,,,,,,Да,Да,,,,,,,,https://rkcdn.ru/products/27e393ee-d489-11e9-a777-ac162d7b6f40/src.jpg,https://rkcdn.ru/products/ef4804a6-d489-11e9-a777-ac162d7b6f40/src.jpg,https://rkcdn.ru/products/0523fbcf-d48a-11e9-a777-ac162d7b6f40/src.jpg,https://rkcdn.ru/products/4124558e-d489-11e9-a777-ac162d7b6f40/src.jpg,https://rkcdn.ru/products/79a9de36-d489-11e9-a777-ac162d7b6f40/src.jpg,https://rkcdn.ru/products/b2ab2cbe-d489-11e9-a777-ac162d7b6f40/src.jpg,https://rkcdn.ru/products/cdbc1466-d489-11e9-a777-ac162d7b6f40/src.jpg,
EHU-5015D TopLine Увлажнитель воздуха ультразвуковой  Electrolux,,RUB,5890.0,0,1,,"<p>Купить EHU-5015D TopLine Увлажнитель воздуха ультразвуковой  Electrolux из наличия в ТД УЭТ. Доставка со склада в Екатеринбурге во все города России. Цена на EHU-5015D TopLine Увлажнитель воздуха ультразвуковой  Electrolux актуальна. Для заказа и уточнения дополнительных скидок отправьте запрос по e-mail: sale@uralenergotel.ru. Для постоянных клиентов предусмотрены специальные цены.&nbsp;<br><br>Также вы можете воспользоваться боковым меню справа и выбрать необходимые для вас характеристики, либо подобрать аналогичные товары из наличия у нас на сайте.&nbsp;<br><br>Поставим EHU-5015D TopLine Увлажнитель воздуха ультразвуковой  Electrolux напрямую со склада в города России: Москва, Санкт-Петербург, Казань, Самара, Екатеринбург, Челябинск, Уфа, Тюмень, Краснодар, Новосибирск, Пермь, Сургут, Омск, Красноярск, Ростов-на-Дону, Нижний Новгород, Волгоград, Чита, Иркутск и т.д.</p><h3>Описание</h3><p>&nbsp;</p><h4>Описание</h4>

<p>Управлять климатом в доме будет легко и удобно с увлажнителем воздуха  Electrolux EHU-5015D TopLine. Всего одна сенсорная клавиша управляет  всеми функциями прибора, а верхний залив воды обеспечивает быстрое и простое обслуживание.</p>

<p>Вы можете отслеживать уровень влажности в помещении по цвету подсветки бака с инновационной технологией Intelligent Pro. Оранжевый цвет сигнализирует, что уровень влажности критически низкий, фиолетовый – о нормальных показателях и голубой – о высоком уровне влажности. При желании подсветку бака можно отключить. </p>

<p>Создать неповторимую атмосферу в доме можно с режимом ароматизации воздуха: всего несколько капель эфирного масла и в доме царит гармония и уют.</p>

<p>В увлажнителе Electrolux EHU-5015D TopLine установлен фильтр предварительной очистки, который удерживает крупные частицы пыли и грязи, не допуская их попадания на внутренние части увлажнителя. Это обеспечивает защиту прибора от поломок и продлевает срок его службы. Фильтр также содержит уголь, который борется с неприятными запахами.</p>

<p>В 2019 году модель Electrolux EHU-5015D TopLine получила авторитетную международную награду в области дизайна Red Dot Design Awards в номинации ""Дизайн продукта"".</p>",,1,,Купить EHU-5015D TopLine Увлажнитель воздуха ультразвуковой  Electrolux с доставкой на uralenergotel.ru,Купить EHU-5015D TopLine Увлажнитель воздуха ультразвуковой  Electrolux по низкой цене у официального дилера ТД УЭТ,ehu_5015d_topline,Уточняйте у менеджера,"Доставка со складов: Екатеринбург, Киржач, Орехово-Зеуво, Лакинск, Петушки",Electrolux,TopLine,EHU-5015D TopLine,Сетевой кабель с вилкой,Съемный,1.82,,Нет,Прямоугольная,Нет,Нет,31.7,Да,Увлажнение за счет колебаний ультразвуковой мембраны,Гарантийный талон,23.9,Да,Нет,16.8,,Да,2 года,Да,TopLine,29.4,Нет,23,4,16,40,30,Нет,Да,1.52,24,< 38,Да,,Да,Да,,Да,,Нет,Да,Да,Да,0.35,Да,Нет,30,4,IPX0,,Да,,КНР,,,Нет,,,Нет,,,,Да,,,В комплекте,,,,,,,,,,,,,,,,,,https://rkcdn.ru/products/b8d78ea6-d495-11e9-a777-ac162d7b6f40/src.jpg,https://rkcdn.ru/products/6c5fc91e-d496-11e9-a777-ac162d7b6f40/src.jpg,https://rkcdn.ru/products/117cd9f6-d496-11e9-a777-ac162d7b6f40/src.jpg,https://rkcdn.ru/products/43497716-d496-11e9-a777-ac162d7b6f40/src.jpg,https://rkcdn.ru/products/d7f17d7e-d495-11e9-a777-ac162d7b6f40/src.jpg,https://rkcdn.ru/products/f1a21e46-d495-11e9-a777-ac162d7b6f40/src.jpg,,
EHU-5110D Увлажнитель воздуха ультразвуковой  Electrolux,,RUB,5290.0,1,1,,"<p>Купить EHU-5110D Увлажнитель воздуха ультразвуковой  Electrolux из наличия в ТД УЭТ. Доставка со склада в Екатеринбурге во все города России. Цена на EHU-5110D Увлажнитель воздуха ультразвуковой  Electrolux актуальна. Для заказа и уточнения дополнительных скидок отправьте запрос по e-mail: sale@uralenergotel.ru. Для постоянных клиентов предусмотрены специальные цены.&nbsp;<br><br>Также вы можете воспользоваться боковым меню справа и выбрать необходимые для вас характеристики, либо подобрать аналогичные товары из наличия у нас на сайте.&nbsp;<br><br>Поставим EHU-5110D Увлажнитель воздуха ультразвуковой  Electrolux напрямую со склада в города России: Москва, Санкт-Петербург, Казань, Самара, Екатеринбург, Челябинск, Уфа, Тюмень, Краснодар, Новосибирск, Пермь, Сургут, Омск, Красноярск, Ростов-на-Дону, Нижний Новгород, Волгоград, Чита, Иркутск и т.д.</p><h3>Описание</h3><p>&nbsp;</p><p style=""font-weight: 400;"">Простой в управлении с лаконичным дизайном ультразвуковой увлажнитель воздуха серии Electrolux&nbsp;EHU-5110D создает идеальный микроклимат в помещении и обеспечивает непрерывную работу увлажнителя без долива воды до 15 часов за счет увеличенного объема бака 5 литров.</p>
<p style=""font-weight: 400;"">Встроенная световая индикация прибора имеет три уровня испарения и позволяет менять нажатием одной кнопки на передней панели мощность и цвет испарения.</p>
<p style=""font-weight: 400;"">А фильтр предварительной очистки с углем, который задерживает крупные частицы пыли и грязи и не допускает их попадания на внутренние части, борется с неприятными запахами и защищает увлажнитель от поломок и продлевает ему срок службы.</p>",,1,,Купить EHU-5110D Увлажнитель воздуха ультразвуковой  Electrolux с доставкой на uralenergotel.ru,Купить EHU-5110D Увлажнитель воздуха ультразвуковой  Electrolux по низкой цене у официального дилера ТД УЭТ,ehu_5110d,Уточняйте у менеджера,"Доставка со складов: Екатеринбург, Киржач, Орехово-Зеуво, Лакинск, Петушки",Electrolux,EHU-5110D,EHU-5110D,Сетевой кабель с вилкой,Съемный,1.8,Нет,Нет,Дизайнерская,Нет,Нет,36,,Увлажнение за счет колебаний ультразвуковой мембраны,Гарантийный талон,22,Да,Да,22,Нет,,2 года,,EHU-5110D,33.4,,19.2,5,18.8,40,25,Нет,Да,1.4,25,35,Нет,,Да,,Нет,Да,Нет,Нет,Нет,Да,Да,0.3,Да,Нет,25,,IPX0,1.5,Да,,КНР,,,,,,,,,,Да,Нет,Да,В комплекте,Нет,,В комплекте,,,,,,,,,,,,,,,https://rkcdn.ru/products/bad8037e-1b1b-11ee-b736-005056013a69/src.jpg,https://rkcdn.ru/products/b3970c25-1b1b-11ee-b736-005056013a69/src.jpg,https://rkcdn.ru/products/a4789ecd-1b1b-11ee-b736-005056013a69/src.jpg,https://rkcdn.ru/products/999a91eb-1b1b-11ee-b736-005056013a69/src.jpg,https://rkcdn.ru/products/8f922777-1b1b-11ee-b736-005056013a69/src.jpg,https://rkcdn.ru/products/3cd52f47-1b1b-11ee-b736-005056013a69/src.jpg,https://rkcdn.ru/products/300571c7-1b1b-11ee-b736-005056013a69/src.jpg,
EHU-3715D Увлажнитель воздуха ультразвуковой  Electrolux,,RUB,9990.0,0,1,,"<p>Купить EHU-3715D Увлажнитель воздуха ультразвуковой  Electrolux из наличия в ТД УЭТ. Доставка со склада в Екатеринбурге во все города России. Цена на EHU-3715D Увлажнитель воздуха ультразвуковой  Electrolux актуальна. Для заказа и уточнения дополнительных скидок отправьте запрос по e-mail: sale@uralenergotel.ru. Для постоянных клиентов предусмотрены специальные цены.&nbsp;<br><br>Также вы можете воспользоваться боковым меню справа и выбрать необходимые для вас характеристики, либо подобрать аналогичные товары из наличия у нас на сайте.&nbsp;<br><br>Поставим EHU-3715D Увлажнитель воздуха ультразвуковой  Electrolux напрямую со склада в города России: Москва, Санкт-Петербург, Казань, Самара, Екатеринбург, Челябинск, Уфа, Тюмень, Краснодар, Новосибирск, Пермь, Сургут, Омск, Красноярск, Ростов-на-Дону, Нижний Новгород, Волгоград, Чита, Иркутск и т.д.</p><h3>Описание</h3><p>&nbsp;</p><p>Electrolux EHU-3715D – ультрасовременный многофункциональный увлажнитель воздуха с системой стерилизации пара, уникальным авторским дизайном, релаксационным освещением Relax Therapy и режимом метеостанции.</p>

<h4>Система стерилизации пара Bio-Cop</h4>

<p>В увлажнителе воздуха Electrolux EHU-3715D реализована инновационная трехступенчатая система очистки Bio-Cop. Она включает в себя пастеризацию воды при 80 градусах Цельсия и стерилизацию пара ультрафиолетовой лампой Ultraviolet Pro. Бак прибора изготовлен из специального антибактериального пластика, препятствующего образованию вредоносных микроорганизмов. Комплексное очищение и обеззараживание пара гарантирует уничтожение бактерий, благодаря чему в помещении создается здоровый микроклимат, который так необходим детям и людям, склонным к аллергическим реакциям и простудным заболеваниям.</p>

<h4>Ионизация воздуха</h4>

<p>Функция ионизации в увлажнителе воздуха EHU-3715D позволяет восполнить недостаток отрицательно заряженных ионов (анионов) в воздухе, что приближает его по своим качествам к воздуху хвойных лесов, горных и морских курортов. В редко проветриваемых помещениях образуется большое количество положительно заряженных аэроионов. Однако для нормального функционирования организма необходимо соблюдение баланса между отрицательно и положительно заряженными частицами. Нарушение этого баланса неблагоприятно сказывается на самочувствии и здоровье в целом. Умеренная ионизация способствует циркуляции аэроионов и очищает воздух, благотворно влияя на организм: способствует повышению метаболизма, улучшает деятельность легких, укрепляет нервную и кровеносную системы, а также помогает противостоять респираторным заболеваниям.</p>

<h4>Релаксационное освещение Relax Therapy</h4>

<p>В увлажнителе воздуха EHU-3715D реализована эксклюзивная технология расслабляющего освещения Relax Therapy, которая представлена динамической сменой цветов – зеленого, синего и белого. Эти цвета оказывают естественное успокаивающее воздействие на человека. Освещение Relax Therapy помогает снять стресс, улучшить эмоциональное состояние и создать благоприятную атмосферу в доме.</p>

<div class=""shopmark"">
<p>Купить ультразвуковые увлажнители воздуха Electrolux EHU-3715D, проконсультироваться со специалистами компании, ознакомиться с условиями доставки и гарантийного обслуживания вы можете в нашем интернет-магазине. Нет времени на шопинг? Закажите увлажнитель по телефону или e-mail.</p>
</div>",,1,,Купить EHU-3715D Увлажнитель воздуха ультразвуковой  Electrolux с доставкой на uralenergotel.ru,Купить EHU-3715D Увлажнитель воздуха ультразвуковой  Electrolux по низкой цене у официального дилера ТД УЭТ,ehu_3715d,Уточняйте у менеджера,"Доставка со складов: Екатеринбург, Киржач, Орехово-Зеуво, Лакинск, Петушки",Electrolux,EHU-3715D,EHU-3715D,Сетевой кабель с вилкой,Съемный,3,Да,Да,Дизайнерская,Да,Да,24.5,Да,Увлажнение за счет колебаний ультразвуковой мембраны,Гарантийный талон,26,Да,Да,41.6,Да,Да,2 года,Да,EHU-3715D,38.2,Да,20.9,5,20.9,40,50,Да,Да,2.3,110,< 25,Да,Да,Да,Да,Нет,Да,Нет,Да,Да,Да,Да,0.45,Нет,Да,50,,IP20,,Да,,КНР,,,Да,3,,Да,,,Да,Да,Да,,В комплекте,,Да,,,,,,,Да,Да,,,,,,,,https://rkcdn.ru/products/977e93b4-1b3b-11ee-b736-005056013a69/src.jpg,https://rkcdn.ru/products/1f4db43c-9d7e-11e9-9e72-ac162d7b6f40/src.jpg,https://rkcdn.ru/products/60a85dff-9d7e-11e9-9e72-ac162d7b6f40/src.jpg,https://rkcdn.ru/products/977e93b6-1b3b-11ee-b736-005056013a69/src.jpg,https://rkcdn.ru/products/977e93b8-1b3b-11ee-b736-005056013a69/src.jpg,https://rkcdn.ru/products/977e93ba-1b3b-11ee-b736-005056013a69/src.jpg,,
EHU-3915D YOGAhealthline 2.0 Увлажнитель-ecoBIOCOMPLEX ультразвуковой  Electrolux,,RUB,19990.0,1,1,,"<p>Купить EHU-3915D YOGAhealthline 2.0 Увлажнитель-ecoBIOCOMPLEX ультразвуковой  Electrolux из наличия в ТД УЭТ. Доставка со склада в Екатеринбурге во все города России. Цена на EHU-3915D YOGAhealthline 2.0 Увлажнитель-ecoBIOCOMPLEX ультразвуковой  Electrolux актуальна. Для заказа и уточнения дополнительных скидок отправьте запрос по e-mail: sale@uralenergotel.ru. Для постоянных клиентов предусмотрены специальные цены.&nbsp;<br><br>Также вы можете воспользоваться боковым меню справа и выбрать необходимые для вас характеристики, либо подобрать аналогичные товары из наличия у нас на сайте.&nbsp;<br><br>Поставим EHU-3915D YOGAhealthline 2.0 Увлажнитель-ecoBIOCOMPLEX ультразвуковой  Electrolux напрямую со склада в города России: Москва, Санкт-Петербург, Казань, Самара, Екатеринбург, Челябинск, Уфа, Тюмень, Краснодар, Новосибирск, Пермь, Сургут, Омск, Красноярск, Ростов-на-Дону, Нижний Новгород, Волгоград, Чита, Иркутск и т.д.</p><h3>Описание</h3><p>&nbsp;</p><p>
    Сила здоровья и непревзойденный комфорт каждый день. Увлажнитель - ecoBIOCOMPLEX YOGAhealthline 2.0 – продукт,
    способный создавать комфортные климатические условия для поддержания здоровья всех членов семьи, а также быть
    помощником и тренером при выполнении упражнений во время занятий фитнесом и практиками йога.
</p>
<p>
    <b>EHU-3910D/3915D YOGAhealthline</b> подходит для сохранения оптимальной влажности воздуха в квартире площадью до
    65 м<sup>2</sup> на протяжении 24 ч в сутки. Высокую производительность обеспечивает мембрана последнего поколения
    NanoActive. Вместительный бак объемом 9,4 л позволяет заливать воду всего 1 раз в сутки.<br>
    Безопасность пара гарантирует система комплексной очистки BIO COP +:
<ul>
    <li>стерилизация воздуха бактерицидными УФ диодами нового поколения Ulytaviolet Pro; </li>
    <li>пастеризация с нагревом воды до 600; обеззараживание воды ионами серебра, содержащимися в антибактериальном
        пластике бака и инновационном запатентованном фильтре-картридже AG+. </li>
</ul>
</p>
<p>
    Интеллектуальные SMART-режимы HEALTH и FITNESS ультразвукового увлажнителя воздуха справятся с пониженной влажностью
    воздуха в квартире зимой, создадут комфортные условия для занятия спортом и поддержат иммунитет.<br>
    Режим BABY позволит использовать увлажнитель для детской комнаты и создаст влажность 55% для здоровья малышей.
    Запатентованные умные режимы YOGA, PRANA и MEDITATION увлажнителя воздуха для квартиры помогут сконцентрироваться и
    обеспечат идеальные условия для занятий йогой, медитацией и дыхательной практикой.
</p>
<p>
    Световой будильник воздухоувлажнителя подготовит организм к легкому и естественному пробуждению. Являясь обладателем
    7 патентов*, увлажнитель-экобиокомплекс YOGAhealthline 2.0 стал техническим воплощением заботы о здоровье каждого
    члена семьи. Вам больше не нужно думать о том, как увлажнить воздух в комнате для взрослых и какой выбрать увлажнитель для
    детей. 
</p>
<p>
    Чувствуйте силу здоровья каждый день вместе с новым увлажнителем-ecoBIOCOMPLEX YOGAhealthline 2.0.
</p>",,1,,Купить EHU-3915D YOGAhealthline 2.0 Увлажнитель-ecoBIOCOMPLEX ультразвуковой  Electrolux с доставкой на uralenergotel.ru,Купить EHU-3915D YOGAhealthline 2.0 Увлажнитель-ecoBIOCOMPLEX ультразвуковой  Electrolux по низкой цене у официального дилера ТД УЭТ,ehu_3915d_yogahealthline_2_0,Уточняйте у менеджера,"Доставка со складов: Екатеринбург, Киржач, Орехово-Зеуво, Лакинск, Петушки",Electrolux,YOGAhealthline 2.0,EHU-3915D YOGAhealthline 2.0,Сетевой кабель с вилкой,Съемный,4.9,Да,Да,Дизайнерская,Да,Да,51.5,Да,Увлажнение за счет колебаний ультразвуковой мембраны,Гарантийный талон,30,Да,Да,30.5,Да,Да,2 года,Да,YOGAhealthline 2.0,48.2,Да,26.3,9.4,26.3,40,65,Да,Да,3.9,40,< 21,Да,Да,Да,Да,Да,Да,Да,Да,Да,Да,Да,0.55,Нет,Нет,65,9.4,IPX0,,Да,,КНР,Да,Да,Да,7,Да,Да,Да,7,Да,Да,Да,,В комплекте,,Да,,,Да,,Да,Да,Да,Да,Да,Да,Встроенный,Да,,Да,Да,https://rkcdn.ru/products/01db09ac-8e33-11ec-b731-005056013a69/src.jpg,https://rkcdn.ru/products/151afb0d-8e33-11ec-b731-005056013a69/src.jpg,https://rkcdn.ru/products/1d882b30-8e33-11ec-b731-005056013a69/src.jpg,https://rkcdn.ru/products/2521f2f8-8e33-11ec-b731-005056013a69/src.jpg,https://rkcdn.ru/products/2d31c675-8e33-11ec-b731-005056013a69/src.jpg,https://rkcdn.ru/products/f67298c1-ebe5-11ec-b732-005056013a69/src.jpg,https://rkcdn.ru/products/0b68b0fa-8e33-11ec-b731-005056013a69/src.jpg,
EHU-6115D Увлажнитель воздуха ультразвуковой  Electrolux,,RUB,7890.0,1,1,,"<p>Купить EHU-6115D Увлажнитель воздуха ультразвуковой  Electrolux из наличия в ТД УЭТ. Доставка со склада в Екатеринбурге во все города России. Цена на EHU-6115D Увлажнитель воздуха ультразвуковой  Electrolux актуальна. Для заказа и уточнения дополнительных скидок отправьте запрос по e-mail: sale@uralenergotel.ru. Для постоянных клиентов предусмотрены специальные цены.&nbsp;<br><br>Также вы можете воспользоваться боковым меню справа и выбрать необходимые для вас характеристики, либо подобрать аналогичные товары из наличия у нас на сайте.&nbsp;<br><br>Поставим EHU-6115D Увлажнитель воздуха ультразвуковой  Electrolux напрямую со склада в города России: Москва, Санкт-Петербург, Казань, Самара, Екатеринбург, Челябинск, Уфа, Тюмень, Краснодар, Новосибирск, Пермь, Сургут, Омск, Красноярск, Ростов-на-Дону, Нижний Новгород, Волгоград, Чита, Иркутск и т.д.</p><h3>Описание</h3><p>&nbsp;</p><p style=""font-weight: 400;"">Ультразвуковой увлажнитель воздуха&nbsp;Electrolux EHU-6115D&nbsp;имеет современный дизайн, который гармонично впишется в любой интерьер, и создаст идеальный воздух в помещении.</p>
<p style=""font-weight: 400;"">Увлажнитель оснащен информативным экраном и полезными Smart-режимами, подсветкой, таймером и пультом ДУ для максимально комфортного управления.</p>",,1,,Купить EHU-6115D Увлажнитель воздуха ультразвуковой  Electrolux с доставкой на uralenergotel.ru,Купить EHU-6115D Увлажнитель воздуха ультразвуковой  Electrolux по низкой цене у официального дилера ТД УЭТ,ehu_6115d,Уточняйте у менеджера,"Доставка со складов: Екатеринбург, Киржач, Орехово-Зеуво, Лакинск, Петушки",Electrolux,EHU,EHU-6115D,Сетевой кабель с вилкой,Встроенный,1.83,Да,Да,Дизайнерская,Да,Да,30.5,,Увлажнение за счет колебаний ультразвуковой мембраны,Гарантийный талон,27.5,Нет,Нет,19.8,Да,Да,2 года,,EHU,28,,24,5.5,17.5,40,40,Нет,Да,1.2,24,32,Да,,Да,,Нет,Да,Нет,Нет,Да,Да,Да,0.3,Да,Да,40,,IPX0,1.8,Да,,КНР,,,,,,,,,,,Нет,,В комплекте,,,Нет,,,,,,,,,,,,,,,https://rkcdn.ru/products/04724784-b50e-11ee-b8d6-00505601218a/src.jpg,https://rkcdn.ru/products/0472478c-b50e-11ee-b8d6-00505601218a/src.jpg,https://rkcdn.ru/products/04724782-b50e-11ee-b8d6-00505601218a/src.jpg,https://rkcdn.ru/products/0472478a-b50e-11ee-b8d6-00505601218a/src.jpg,https://rkcdn.ru/products/04724786-b50e-11ee-b8d6-00505601218a/src.jpg,https://rkcdn.ru/products/04724788-b50e-11ee-b8d6-00505601218a/src.jpg,https://rkcdn.ru/products/0a6f6025-b50e-11ee-b8d6-00505601218a/src.jpg,https://rkcdn.ru/products/0a6f6023-b50e-11ee-b8d6-00505601218a/src.jpg
EHU-3710D Увлажнитель воздуха ультразвуковой  Electrolux,,RUB,9990.0,0,1,,"<p>Купить EHU-3710D Увлажнитель воздуха ультразвуковой  Electrolux из наличия в ТД УЭТ. Доставка со склада в Екатеринбурге во все города России. Цена на EHU-3710D Увлажнитель воздуха ультразвуковой  Electrolux актуальна. Для заказа и уточнения дополнительных скидок отправьте запрос по e-mail: sale@uralenergotel.ru. Для постоянных клиентов предусмотрены специальные цены.&nbsp;<br><br>Также вы можете воспользоваться боковым меню справа и выбрать необходимые для вас характеристики, либо подобрать аналогичные товары из наличия у нас на сайте.&nbsp;<br><br>Поставим EHU-3710D Увлажнитель воздуха ультразвуковой  Electrolux напрямую со склада в города России: Москва, Санкт-Петербург, Казань, Самара, Екатеринбург, Челябинск, Уфа, Тюмень, Краснодар, Новосибирск, Пермь, Сургут, Омск, Красноярск, Ростов-на-Дону, Нижний Новгород, Волгоград, Чита, Иркутск и т.д.</p><h3>Описание</h3><p>&nbsp;</p><p>Electrolux EHU-3710D – ультрасовременный многофункциональный увлажнитель воздуха с системой стерилизации пара, уникальным авторским дизайном, релаксационным освещением Relax Therapy и режимом метеостанции.</p>

<h4>Система стерилизации пара Bio-Cop</h4>

<p>В увлажнителе воздуха Electrolux EHU-3710D реализована инновационная трехступенчатая система очистки Bio-Cop. Она включает в себя пастеризацию воды при 80 градусах Цельсия и стерилизацию пара ультрафиолетовой лампой Ultraviolet Pro. Бак прибора изготовлен из специального антибактериального пластика, препятствующего образованию вредоносных микроорганизмов. Комплексное очищение и обеззараживание пара гарантирует уничтожение бактерий, благодаря чему в помещении создается здоровый микроклимат, который так необходим детям и людям, склонным к аллергическим реакциям и простудным заболеваниям.</p>

<h4>Ионизация воздуха</h4>

<p>Функция ионизации в увлажнителе воздуха EHU-3710D позволяет восполнить недостаток отрицательно заряженных ионов (анионов) в воздухе, что приближает его по своим качествам к воздуху хвойных лесов, горных и морских курортов. В редко проветриваемых помещениях образуется большое количество положительно заряженных аэроионов. Однако для нормального функционирования организма необходимо соблюдение баланса между отрицательно и положительно заряженными частицами. Нарушение этого баланса неблагоприятно сказывается на самочувствии и здоровье в целом. Умеренная ионизация способствует циркуляции аэроионов и очищает воздух, благотворно влияя на организм: способствует повышению метаболизма, улучшает деятельность легких, укрепляет нервную и кровеносную системы, а также помогает противостоять респираторным заболеваниям.</p>

<h4>Релаксационное освещение Relax Therapy</h4>

<p>В увлажнителе воздуха EHU-3710D реализована эксклюзивная технология расслабляющего освещения Relax Therapy, которая представлена динамической сменой цветов – зеленого, синего и белого. Эти цвета оказывают естественное успокаивающее воздействие на человека. Освещение Relax Therapy помогает снять стресс, улучшить эмоциональное состояние и создать благоприятную атмосферу в доме.</p>

<div class=""shopmark"">
<p>Купить ультразвуковые увлажнители воздуха Electrolux EHU-3710D, проконсультироваться со специалистами компании, ознакомиться с условиями доставки и гарантийного обслуживания вы можете в нашем интернет-магазине. Нет времени на шопинг? Закажите увлажнитель по телефону или e-mail.</p>
</div>",,1,,Купить EHU-3710D Увлажнитель воздуха ультразвуковой  Electrolux с доставкой на uralenergotel.ru,Купить EHU-3710D Увлажнитель воздуха ультразвуковой  Electrolux по низкой цене у официального дилера ТД УЭТ,ehu_3710d,Уточняйте у менеджера,"Доставка со складов: Екатеринбург, Киржач, Орехово-Зеуво, Лакинск, Петушки",Electrolux,EHU-3710D,EHU-3710D,Сетевой кабель с вилкой,Съемный,3,Да,Да,Дизайнерская,Да,Да,41.6,Да,Увлажнение за счет колебаний ультразвуковой мембраны,Гарантийный талон,26,Да,Да,24.5,Да,Да,2 года,Да,EHU-3710D,38.2,Да,20.9,5,20.9,40,50,Да,Да,2.3,110,< 25,Да,Да,Да,Да,Нет,Да,Нет,Да,Да,Да,Да,0.45,Нет,Да,50,5,IP20,,Да,,КНР,,,Да,3,,Да,,,Да,Да,Да,,В комплекте,,Да,,,,,,,Да,Да,,,,,,,,https://rkcdn.ru/products/b408f275-9d7d-11e9-9e72-ac162d7b6f40/src.jpg,https://rkcdn.ru/products/10427c5f-9d7e-11e9-9e72-ac162d7b6f40/src.jpg,https://rkcdn.ru/products/3b398bc9-9d7e-11e9-9e72-ac162d7b6f40/src.jpg,https://rkcdn.ru/products/d900c1ad-9d7d-11e9-9e72-ac162d7b6f40/src.jpg,https://rkcdn.ru/products/ec359222-bf0e-11ec-b732-005056013a69/src.jpg,,,
EHU-6110D Увлажнитель воздуха ультразвуковой  Electrolux,,RUB,7890.0,1,1,,"<p>Купить EHU-6110D Увлажнитель воздуха ультразвуковой  Electrolux из наличия в ТД УЭТ. Доставка со склада в Екатеринбурге во все города России. Цена на EHU-6110D Увлажнитель воздуха ультразвуковой  Electrolux актуальна. Для заказа и уточнения дополнительных скидок отправьте запрос по e-mail: sale@uralenergotel.ru. Для постоянных клиентов предусмотрены специальные цены.&nbsp;<br><br>Также вы можете воспользоваться боковым меню справа и выбрать необходимые для вас характеристики, либо подобрать аналогичные товары из наличия у нас на сайте.&nbsp;<br><br>Поставим EHU-6110D Увлажнитель воздуха ультразвуковой  Electrolux напрямую со склада в города России: Москва, Санкт-Петербург, Казань, Самара, Екатеринбург, Челябинск, Уфа, Тюмень, Краснодар, Новосибирск, Пермь, Сургут, Омск, Красноярск, Ростов-на-Дону, Нижний Новгород, Волгоград, Чита, Иркутск и т.д.</p><h3>Описание</h3><p>&nbsp;</p><p style=""font-weight: 400;"">Ультразвуковой увлажнитель воздуха&nbsp;Electrolux EHU-6110D имеет современный дизайн, который гармонично впишется в любой интерьер, и создаст идеальный воздух в помещении.</p>
<p style=""font-weight: 400;"">Увлажнитель оснащен информативным экраном и полезными Smart-режимами, подсветкой, таймером и пультом ДУ для максимально комфортного управления.</p>",,1,,Купить EHU-6110D Увлажнитель воздуха ультразвуковой  Electrolux с доставкой на uralenergotel.ru,Купить EHU-6110D Увлажнитель воздуха ультразвуковой  Electrolux по низкой цене у официального дилера ТД УЭТ,ehu_6110d,Уточняйте у менеджера,"Доставка со складов: Екатеринбург, Киржач, Орехово-Зеуво, Лакинск, Петушки",Electrolux,EHU,EHU-6110D,Сетевой кабель с вилкой,Встроенный,1.83,Да,Да,Дизайнерская,Да,Да,30.5,,Увлажнение за счет колебаний ультразвуковой мембраны,Гарантийный талон,27.5,Нет,Нет,19.8,Да,Да,2 года,,EHU,28,,24,5.5,17.5,40,40,Нет,Да,1.2,24,32,Да,,Да,,Нет,Да,Нет,Нет,Да,Да,Да,0.3,Да,Да,40,,IPX0,1.8,Да,,КНР,,,,,,,,,,,Нет,,В комплекте,,,Нет,,,,,,,,,,,,,,,https://rkcdn.ru/products/fe26542f-b50d-11ee-b8d6-00505601218a/src.jpg,https://rkcdn.ru/products/fe265439-b50d-11ee-b8d6-00505601218a/src.jpg,https://rkcdn.ru/products/fe26542d-b50d-11ee-b8d6-00505601218a/src.jpg,https://rkcdn.ru/products/fe265431-b50d-11ee-b8d6-00505601218a/src.jpg,https://rkcdn.ru/products/fe26542b-b50d-11ee-b8d6-00505601218a/src.jpg,https://rkcdn.ru/products/fe265433-b50d-11ee-b8d6-00505601218a/src.jpg,https://rkcdn.ru/products/fe265435-b50d-11ee-b8d6-00505601218a/src.jpg,https://rkcdn.ru/products/fe265437-b50d-11ee-b8d6-00505601218a/src.jpg
