Наименование,Артикул,Валюта,"Цена, с НДС",В наличии,Доступен для заказа,Краткая информация,Описание,Наклейка,Статус,Теги,Meta Title,Meta Description,URL,Срок изготовления,Доставка,Производитель,Серия,Код товара,Вес товара с упаковкой (брутто),Посадочный диаметр вентиляционного канала,Высота упаковки товара,Посадочный размер вентиляционного канала,Глубина упаковки товара,Ширина упаковки товара,"Диаметр воздуховода, мм",Высота товара,Глубина товара,Ширина товара,Вес товара (нетто),Изображения
Вентиляция,,,,,,,,,,,,,,,,,,,,,,,,,,,,,,
!Шумоглушители,,,,,,,,,,,,,,,,,,,,,,,,,,,,,,
SCr 100/600 Шумоглушитель SHUFT,,RUB,4760.0,1,1,,"<p>Купить SCr 100/600 Шумоглушитель SHUFT из наличия в ТД УЭТ. Доставка со склада в Екатеринбурге во все города России. Цена на SCr 100/600 Шумоглушитель SHUFT актуальна. Для заказа и уточнения дополнительных скидок отправьте запрос по e-mail: sale@uralenergotel.ru. Для постоянных клиентов предусмотрены специальные цены.&nbsp;<br><br>Также вы можете воспользоваться боковым меню справа и выбрать необходимые для вас характеристики, либо подобрать аналогичные товары из наличия у нас на сайте.&nbsp;<br><br>Поставим SCr 100/600 Шумоглушитель SHUFT напрямую со склада в города России: Москва, Санкт-Петербург, Казань, Самара, Екатеринбург, Челябинск, Уфа, Тюмень, Краснодар, Новосибирск, Пермь, Сургут, Омск, Красноярск, Ростов-на-Дону, Нижний Новгород, Волгоград, Чита, Иркутск и т.д.</p><h3>Описание</h3><p>&nbsp;</p><p>Шумоглушитель предназначен для снижения шума от&nbsp;вентилятора в&nbsp;канале воздуховода, как на&nbsp;притоке, так и&nbsp;на&nbsp;вытяжке при непосредственной установке в&nbsp;канал систем вентиляции и&nbsp;кондиционирования. Перемещаемый воздух не&nbsp;должен содержать твердых, клеящихся или агрессивных примесей. Шумоглушитель изготавливается из&nbsp;оцинкованной стали с&nbsp;шумопоглощающим материалом из&nbsp;минерального волокна. Падение давления на&nbsp;шумоглушителе вычисляется как для участка воздуховода того&nbsp;же размера.</p>

<h4>Гарантия&nbsp;&mdash; 12&nbsp;месяцев</h4>",,1,,Купить SCr 100/600 Шумоглушитель SHUFT с доставкой на uralenergotel.ru,Купить SCr 100/600 Шумоглушитель SHUFT по низкой цене у официального дилера ТД УЭТ,scr_100_600,Уточняйте у менеджера,"Доставка со складов: Екатеринбург, Киржач, Орехово-Зеуво, Лакинск, Петушки",SHUFT,IEF,SCr 100/600,4.64,100,24.2,100,74.5,24.2,100,24.2,74.5,24.2,4.14,https://rkcdn.ru/products/e4e158af-e1c2-11ed-b733-005056013a69/src.jpg
SRr 400*200/1000 Шумоглушитель SHUFT,,RUB,8990.0,1,1,,"<p>Купить SRr 400*200/1000 Шумоглушитель SHUFT из наличия в ТД УЭТ. Доставка со склада в Екатеринбурге во все города России. Цена на SRr 400*200/1000 Шумоглушитель SHUFT актуальна. Для заказа и уточнения дополнительных скидок отправьте запрос по e-mail: sale@uralenergotel.ru. Для постоянных клиентов предусмотрены специальные цены.&nbsp;<br><br>Также вы можете воспользоваться боковым меню справа и выбрать необходимые для вас характеристики, либо подобрать аналогичные товары из наличия у нас на сайте.&nbsp;<br><br>Поставим SRr 400*200/1000 Шумоглушитель SHUFT напрямую со склада в города России: Москва, Санкт-Петербург, Казань, Самара, Екатеринбург, Челябинск, Уфа, Тюмень, Краснодар, Новосибирск, Пермь, Сургут, Омск, Красноярск, Ростов-на-Дону, Нижний Новгород, Волгоград, Чита, Иркутск и т.д.</p><h3>Описание</h3><p>&nbsp;</p><p>Шумоглушитель cерии SRr предназначен для снижения шума от&nbsp;вентилятора в&nbsp;канале воздуховода, как на&nbsp;притоке, так и&nbsp;на&nbsp;вытяжке при непосредственной установке в&nbsp;канал систем вентиляции и&nbsp;кондиционирования.</p>

<p>Перемещаемый воздух не&nbsp;должен содержать твердых, клеящихся или агрессивных примесей. Максимальная рабочая температура воздуха составляет 60&deg;С,&nbsp;максимальная допустимая скорость 10&nbsp;м/с.&nbsp; Шумоглушитель изготавливается из&nbsp;оцинкованной стали с&nbsp;поглощающим материалом из&nbsp;минерального волокна. Для достижения максимальной эффективности шумоглушения рекомендуется предусмотреть перед шумоглушителем прямой участок длинной не&nbsp;менее 1,5&nbsp;м.</p>

<p><strong>Гарантия&nbsp;&mdash; 12&nbsp;месяцев</strong></p>",,1,,Купить SRr 400*200/1000 Шумоглушитель SHUFT с доставкой на uralenergotel.ru,Купить SRr 400*200/1000 Шумоглушитель SHUFT по низкой цене у официального дилера ТД УЭТ,srr_400x200_1000,Уточняйте у менеджера,"Доставка со складов: Екатеринбург, Киржач, Орехово-Зеуво, Лакинск, Петушки",SHUFT,IEF,SRr 400*200/1000,11.6,,24,400*200,101,44,,24,101,44,11.1,https://rkcdn.ru/products/afcaf961-67fa-11eb-b729-005056010604/src.jpg
SRSr 300*150/1000 Шумоглушитель SHUFT,,RUB,8990.0,1,1,,"<p>Купить SRSr 300*150/1000 Шумоглушитель SHUFT из наличия в ТД УЭТ. Доставка со склада в Екатеринбурге во все города России. Цена на SRSr 300*150/1000 Шумоглушитель SHUFT актуальна. Для заказа и уточнения дополнительных скидок отправьте запрос по e-mail: sale@uralenergotel.ru. Для постоянных клиентов предусмотрены специальные цены.&nbsp;<br><br>Также вы можете воспользоваться боковым меню справа и выбрать необходимые для вас характеристики, либо подобрать аналогичные товары из наличия у нас на сайте.&nbsp;<br><br>Поставим SRSr 300*150/1000 Шумоглушитель SHUFT напрямую со склада в города России: Москва, Санкт-Петербург, Казань, Самара, Екатеринбург, Челябинск, Уфа, Тюмень, Краснодар, Новосибирск, Пермь, Сургут, Омск, Красноярск, Ростов-на-Дону, Нижний Новгород, Волгоград, Чита, Иркутск и т.д.</p><h3>Описание</h3><p>&nbsp;</p><p>Шумоглушитель cерии SRSr предназначен для снижения шума от&nbsp;вентилятора в&nbsp;канале воздуховода, как на&nbsp;притоке, так и на&nbsp;вытяжке при непосредственной установке в&nbsp;канал систем вентиляции и&nbsp;кондиционирования.</p>

<p>Перемещаемый воздух не&nbsp;должен содержать твердых, клеящихся или агрессивных примесей. Максимальная рабочая температура воздуха составляет 60&deg;С, максимальная допустимая скорость 10&nbsp;м/с. Шумоглушитель изготавливается из&nbsp;оцинкованной стали с&nbsp;поглощающим материалом из&nbsp;минерального волокна.
Для достижения максимальной эффективности шумоглушения рекомендуется предусмотреть перед шумоглушителем прямой участок длинной не&nbsp;менее 1,5&nbsp;м.</p>

<p><strong>Гарантия&nbsp;&mdash; 12&nbsp;месяцев</strong></p>",,1,,Купить SRSr 300*150/1000 Шумоглушитель SHUFT с доставкой на uralenergotel.ru,Купить SRSr 300*150/1000 Шумоглушитель SHUFT по низкой цене у официального дилера ТД УЭТ,srsr_300x150_1000,Уточняйте у менеджера,"Доставка со складов: Екатеринбург, Киржач, Орехово-Зеуво, Лакинск, Петушки",SHUFT,Swift,SRSr 300*150/1000,9.82,,19,300*150,34,100,,19,100,34,9.32,https://rkcdn.ru/products/8c9e6032-67f6-11eb-b729-005056010604/src.jpg
SCr 500/600 Шумоглушитель SHUFT,,RUB,22640.0,0,1,,"<p>Купить SCr 500/600 Шумоглушитель SHUFT из наличия в ТД УЭТ. Доставка со склада в Екатеринбурге во все города России. Цена на SCr 500/600 Шумоглушитель SHUFT актуальна. Для заказа и уточнения дополнительных скидок отправьте запрос по e-mail: sale@uralenergotel.ru. Для постоянных клиентов предусмотрены специальные цены.&nbsp;<br><br>Также вы можете воспользоваться боковым меню справа и выбрать необходимые для вас характеристики, либо подобрать аналогичные товары из наличия у нас на сайте.&nbsp;<br><br>Поставим SCr 500/600 Шумоглушитель SHUFT напрямую со склада в города России: Москва, Санкт-Петербург, Казань, Самара, Екатеринбург, Челябинск, Уфа, Тюмень, Краснодар, Новосибирск, Пермь, Сургут, Омск, Красноярск, Ростов-на-Дону, Нижний Новгород, Волгоград, Чита, Иркутск и т.д.</p><h3>Описание</h3><p>&nbsp;</p><p>Шумоглушитель предназначен для снижения шума от&nbsp;вентилятора в&nbsp;канале воздуховода, как на&nbsp;притоке, так и&nbsp;на&nbsp;вытяжке при непосредственной установке в&nbsp;канал систем вентиляции и&nbsp;кондиционирования. Перемещаемый воздух не&nbsp;должен содержать твердых, клеящихся или агрессивных примесей. Шумоглушитель изготавливается из&nbsp;оцинкованной стали с&nbsp;шумопоглощающим материалом из&nbsp;минерального волокна. Падение давления на&nbsp;шумоглушителе вычисляется как для участка воздуховода того&nbsp;же размера.</p>

<h4>Гарантия&nbsp;&mdash; 12&nbsp;месяцев</h4>",,1,,Купить SCr 500/600 Шумоглушитель SHUFT с доставкой на uralenergotel.ru,Купить SCr 500/600 Шумоглушитель SHUFT по низкой цене у официального дилера ТД УЭТ,scr_500_600,Уточняйте у менеджера,"Доставка со складов: Екатеринбург, Киржач, Орехово-Зеуво, Лакинск, Петушки",SHUFT,CAU VIM,SCr 500/600,23.5,500,62,500,72,62,500,62,72,62,23,https://rkcdn.ru/products/eaf4faae-e1c2-11ed-b733-005056013a69/src.jpg
SCr 355/600 Шумоглушитель SHUFT,,RUB,16420.0,1,1,,"<p>Купить SCr 355/600 Шумоглушитель SHUFT из наличия в ТД УЭТ. Доставка со склада в Екатеринбурге во все города России. Цена на SCr 355/600 Шумоглушитель SHUFT актуальна. Для заказа и уточнения дополнительных скидок отправьте запрос по e-mail: sale@uralenergotel.ru. Для постоянных клиентов предусмотрены специальные цены.&nbsp;<br><br>Также вы можете воспользоваться боковым меню справа и выбрать необходимые для вас характеристики, либо подобрать аналогичные товары из наличия у нас на сайте.&nbsp;<br><br>Поставим SCr 355/600 Шумоглушитель SHUFT напрямую со склада в города России: Москва, Санкт-Петербург, Казань, Самара, Екатеринбург, Челябинск, Уфа, Тюмень, Краснодар, Новосибирск, Пермь, Сургут, Омск, Красноярск, Ростов-на-Дону, Нижний Новгород, Волгоград, Чита, Иркутск и т.д.</p><h3>Описание</h3><p>&nbsp;</p><p>Шумоглушители SHUFT серии SCr предназначены для снижения шума от вентилятора в приточных и вытяжных воздуховодах при непосредственной установке в канал систем вентиляции и кондиционирования.

Перемещаемый воздух не должен содержать твердых, клеящихся или агрессивных примесей. Шумоглушители изготавливаются из оцинкованной стали с шумопоглощающим материалом из минерального волокна.</p>",,1,,Купить SCr 355/600 Шумоглушитель SHUFT с доставкой на uralenergotel.ru,Купить SCr 355/600 Шумоглушитель SHUFT по низкой цене у официального дилера ТД УЭТ,scr_355_600,Уточняйте у менеджера,"Доставка со складов: Екатеринбург, Киржач, Орехово-Зеуво, Лакинск, Петушки",SHUFT,AXW,SCr 355/600,16.5,355,47,355,72,47,355,47,72,47,16,https://rkcdn.ru/products/e4e158ad-e1c2-11ed-b733-005056013a69/src.jpg
SCr 450/900 Шумоглушитель SHUFT,,RUB,23560.0,0,1,,"<p>Купить SCr 450/900 Шумоглушитель SHUFT из наличия в ТД УЭТ. Доставка со склада в Екатеринбурге во все города России. Цена на SCr 450/900 Шумоглушитель SHUFT актуальна. Для заказа и уточнения дополнительных скидок отправьте запрос по e-mail: sale@uralenergotel.ru. Для постоянных клиентов предусмотрены специальные цены.&nbsp;<br><br>Также вы можете воспользоваться боковым меню справа и выбрать необходимые для вас характеристики, либо подобрать аналогичные товары из наличия у нас на сайте.&nbsp;<br><br>Поставим SCr 450/900 Шумоглушитель SHUFT напрямую со склада в города России: Москва, Санкт-Петербург, Казань, Самара, Екатеринбург, Челябинск, Уфа, Тюмень, Краснодар, Новосибирск, Пермь, Сургут, Омск, Красноярск, Ростов-на-Дону, Нижний Новгород, Волгоград, Чита, Иркутск и т.д.</p><h3>Описание</h3><p>&nbsp;</p><p>Шумоглушитель предназначен для снижения шума от&nbsp;вентилятора в&nbsp;канале воздуховода, как на&nbsp;притоке, так и&nbsp;на&nbsp;вытяжке при непосредственной установке в&nbsp;канал систем вентиляции и&nbsp;кондиционирования. Перемещаемый воздух не&nbsp;должен содержать твердых, клеящихся или агрессивных примесей. Шумоглушитель изготавливается из&nbsp;оцинкованной стали с&nbsp;шумопоглощающим материалом из&nbsp;минерального волокна. Падение давления на&nbsp;шумоглушителе вычисляется как для участка воздуховода того&nbsp;же размера.</p>

<h4>Гарантия&nbsp;&mdash; 12&nbsp;месяцев</h4>",,1,,Купить SCr 450/900 Шумоглушитель SHUFT с доставкой на uralenergotel.ru,Купить SCr 450/900 Шумоглушитель SHUFT по низкой цене у официального дилера ТД УЭТ,scr_450_900,Уточняйте у менеджера,"Доставка со складов: Екатеринбург, Киржач, Орехово-Зеуво, Лакинск, Петушки",SHUFT,HTF,SCr 450/900,25.5,450,55,450,103,55,450,55,103,55,25,https://rkcdn.ru/products/e4e158a5-e1c2-11ed-b733-005056013a69/src.jpg
SCr 355/900 Шумоглушитель SHUFT,,RUB,18790.0,1,1,,"<p>Купить SCr 355/900 Шумоглушитель SHUFT из наличия в ТД УЭТ. Доставка со склада в Екатеринбурге во все города России. Цена на SCr 355/900 Шумоглушитель SHUFT актуальна. Для заказа и уточнения дополнительных скидок отправьте запрос по e-mail: sale@uralenergotel.ru. Для постоянных клиентов предусмотрены специальные цены.&nbsp;<br><br>Также вы можете воспользоваться боковым меню справа и выбрать необходимые для вас характеристики, либо подобрать аналогичные товары из наличия у нас на сайте.&nbsp;<br><br>Поставим SCr 355/900 Шумоглушитель SHUFT напрямую со склада в города России: Москва, Санкт-Петербург, Казань, Самара, Екатеринбург, Челябинск, Уфа, Тюмень, Краснодар, Новосибирск, Пермь, Сургут, Омск, Красноярск, Ростов-на-Дону, Нижний Новгород, Волгоград, Чита, Иркутск и т.д.</p><h3>Описание</h3><p>&nbsp;</p><p>Шумоглушитель предназначен для снижения шума от&nbsp;вентилятора в&nbsp;канале воздуховода, как на&nbsp;притоке, так и&nbsp;на&nbsp;вытяжке при непосредственной установке в&nbsp;канал систем вентиляции и&nbsp;кондиционирования. Перемещаемый воздух не&nbsp;должен содержать твердых, клеящихся или агрессивных примесей. Шумоглушитель изготавливается из&nbsp;оцинкованной стали с&nbsp;шумопоглощающим материалом из&nbsp;минерального волокна. Падение давления на&nbsp;шумоглушителе вычисляется как для участка воздуховода того&nbsp;же размера.</p>

<h4>Гарантия&nbsp;&mdash; 12&nbsp;месяцев</h4>",,1,,Купить SCr 355/900 Шумоглушитель SHUFT с доставкой на uralenergotel.ru,Купить SCr 355/900 Шумоглушитель SHUFT по низкой цене у официального дилера ТД УЭТ,scr_355_900,Уточняйте у менеджера,"Доставка со складов: Екатеринбург, Киржач, Орехово-Зеуво, Лакинск, Петушки",SHUFT,HTF,SCr 355/900,22.5,355,47,355,103,47,355,47,103,47,22,https://rkcdn.ru/products/eaf4fab4-e1c2-11ed-b733-005056013a69/src.jpg
SCr 100/900 Шумоглушитель SHUFT,,RUB,5950.0,1,1,,"<p>Купить SCr 100/900 Шумоглушитель SHUFT из наличия в ТД УЭТ. Доставка со склада в Екатеринбурге во все города России. Цена на SCr 100/900 Шумоглушитель SHUFT актуальна. Для заказа и уточнения дополнительных скидок отправьте запрос по e-mail: sale@uralenergotel.ru. Для постоянных клиентов предусмотрены специальные цены.&nbsp;<br><br>Также вы можете воспользоваться боковым меню справа и выбрать необходимые для вас характеристики, либо подобрать аналогичные товары из наличия у нас на сайте.&nbsp;<br><br>Поставим SCr 100/900 Шумоглушитель SHUFT напрямую со склада в города России: Москва, Санкт-Петербург, Казань, Самара, Екатеринбург, Челябинск, Уфа, Тюмень, Краснодар, Новосибирск, Пермь, Сургут, Омск, Красноярск, Ростов-на-Дону, Нижний Новгород, Волгоград, Чита, Иркутск и т.д.</p><h3>Описание</h3><p>&nbsp;</p><p>Шумоглушитель предназначен для снижения шума от&nbsp;вентилятора в&nbsp;канале воздуховода, как на&nbsp;притоке, так и&nbsp;на&nbsp;вытяжке при непосредственной установке в&nbsp;канал систем вентиляции и&nbsp;кондиционирования. Перемещаемый воздух не&nbsp;должен содержать твердых, клеящихся или агрессивных примесей. Шумоглушитель изготавливается из&nbsp;оцинкованной стали с&nbsp;шумопоглощающим материалом из&nbsp;минерального волокна. Падение давления на&nbsp;шумоглушителе вычисляется как для участка воздуховода того&nbsp;же размера.</p>

<h4>Гарантия&nbsp;&mdash; 12&nbsp;месяцев</h4>",,1,,Купить SCr 100/900 Шумоглушитель SHUFT с доставкой на uralenergotel.ru,Купить SCr 100/900 Шумоглушитель SHUFT по низкой цене у официального дилера ТД УЭТ,scr_100_900,Уточняйте у менеджера,"Доставка со складов: Екатеринбург, Киржач, Орехово-Зеуво, Лакинск, Петушки",SHUFT,CFW,SCr 100/900,6.5,100,25,100,105,27,100,25,105,27,6,https://rkcdn.ru/products/e4e158ab-e1c2-11ed-b733-005056013a69/src.jpg
SCr 125/600 Шумоглушитель SHUFT,,RUB,5300.0,1,1,,"<p>Купить SCr 125/600 Шумоглушитель SHUFT из наличия в ТД УЭТ. Доставка со склада в Екатеринбурге во все города России. Цена на SCr 125/600 Шумоглушитель SHUFT актуальна. Для заказа и уточнения дополнительных скидок отправьте запрос по e-mail: sale@uralenergotel.ru. Для постоянных клиентов предусмотрены специальные цены.&nbsp;<br><br>Также вы можете воспользоваться боковым меню справа и выбрать необходимые для вас характеристики, либо подобрать аналогичные товары из наличия у нас на сайте.&nbsp;<br><br>Поставим SCr 125/600 Шумоглушитель SHUFT напрямую со склада в города России: Москва, Санкт-Петербург, Казань, Самара, Екатеринбург, Челябинск, Уфа, Тюмень, Краснодар, Новосибирск, Пермь, Сургут, Омск, Красноярск, Ростов-на-Дону, Нижний Новгород, Волгоград, Чита, Иркутск и т.д.</p><h3>Описание</h3><p>&nbsp;</p><p>Шумоглушитель предназначен для снижения шума от&nbsp;вентилятора в&nbsp;канале воздуховода, как на&nbsp;притоке, так и&nbsp;на&nbsp;вытяжке при непосредственной установке в&nbsp;канал систем вентиляции и&nbsp;кондиционирования. Перемещаемый воздух не&nbsp;должен содержать твердых, клеящихся или агрессивных примесей. Шумоглушитель изготавливается из&nbsp;оцинкованной стали с&nbsp;шумопоглощающим материалом из&nbsp;минерального волокна. Падение давления на&nbsp;шумоглушителе вычисляется как для участка воздуховода того&nbsp;же размера.</p>

<h4>Гарантия&nbsp;&mdash; 12&nbsp;месяцев</h4>",,1,,Купить SCr 125/600 Шумоглушитель SHUFT с доставкой на uralenergotel.ru,Купить SCr 125/600 Шумоглушитель SHUFT по низкой цене у официального дилера ТД УЭТ,scr_125_600,Уточняйте у менеджера,"Доставка со складов: Екатеринбург, Киржач, Орехово-Зеуво, Лакинск, Петушки",SHUFT,CFW,SCr 125/600,5.5,125,25.5,125,74.4,25.5,125,25.5,74.4,25.5,5,https://rkcdn.ru/products/e4e158a9-e1c2-11ed-b733-005056013a69/src.jpg
SCr 125/900 Шумоглушитель SHUFT,,RUB,6750.0,1,1,,"<p>Купить SCr 125/900 Шумоглушитель SHUFT из наличия в ТД УЭТ. Доставка со склада в Екатеринбурге во все города России. Цена на SCr 125/900 Шумоглушитель SHUFT актуальна. Для заказа и уточнения дополнительных скидок отправьте запрос по e-mail: sale@uralenergotel.ru. Для постоянных клиентов предусмотрены специальные цены.&nbsp;<br><br>Также вы можете воспользоваться боковым меню справа и выбрать необходимые для вас характеристики, либо подобрать аналогичные товары из наличия у нас на сайте.&nbsp;<br><br>Поставим SCr 125/900 Шумоглушитель SHUFT напрямую со склада в города России: Москва, Санкт-Петербург, Казань, Самара, Екатеринбург, Челябинск, Уфа, Тюмень, Краснодар, Новосибирск, Пермь, Сургут, Омск, Красноярск, Ростов-на-Дону, Нижний Новгород, Волгоград, Чита, Иркутск и т.д.</p><h3>Описание</h3><p>&nbsp;</p><p>Шумоглушитель предназначен для снижения шума от&nbsp;вентилятора в&nbsp;канале воздуховода, как на&nbsp;притоке, так и&nbsp;на&nbsp;вытяжке при непосредственной установке в&nbsp;канал систем вентиляции и&nbsp;кондиционирования. Перемещаемый воздух не&nbsp;должен содержать твердых, клеящихся или агрессивных примесей. Шумоглушитель изготавливается из&nbsp;оцинкованной стали с&nbsp;шумопоглощающим материалом из&nbsp;минерального волокна. Падение давления на&nbsp;шумоглушителе вычисляется как для участка воздуховода того&nbsp;же размера.</p>

<h4>Гарантия&nbsp;&mdash; 12&nbsp;месяцев</h4>",,1,,Купить SCr 125/900 Шумоглушитель SHUFT с доставкой на uralenergotel.ru,Купить SCr 125/900 Шумоглушитель SHUFT по низкой цене у официального дилера ТД УЭТ,scr_125_900,Уточняйте у менеджера,"Доставка со складов: Екатеринбург, Киржач, Орехово-Зеуво, Лакинск, Петушки",SHUFT,CFW,SCr 125/900,8.5,125,25.5,125,107,25.5,125,25.5,107,25.5,8,https://rkcdn.ru/products/e4e158b5-e1c2-11ed-b733-005056013a69/src.jpg
SCr 160/600 Шумоглушитель SHUFT,,RUB,5950.0,1,1,,"<p>Купить SCr 160/600 Шумоглушитель SHUFT из наличия в ТД УЭТ. Доставка со склада в Екатеринбурге во все города России. Цена на SCr 160/600 Шумоглушитель SHUFT актуальна. Для заказа и уточнения дополнительных скидок отправьте запрос по e-mail: sale@uralenergotel.ru. Для постоянных клиентов предусмотрены специальные цены.&nbsp;<br><br>Также вы можете воспользоваться боковым меню справа и выбрать необходимые для вас характеристики, либо подобрать аналогичные товары из наличия у нас на сайте.&nbsp;<br><br>Поставим SCr 160/600 Шумоглушитель SHUFT напрямую со склада в города России: Москва, Санкт-Петербург, Казань, Самара, Екатеринбург, Челябинск, Уфа, Тюмень, Краснодар, Новосибирск, Пермь, Сургут, Омск, Красноярск, Ростов-на-Дону, Нижний Новгород, Волгоград, Чита, Иркутск и т.д.</p><h3>Описание</h3><p>&nbsp;</p><p>Шумоглушитель предназначен для снижения шума от&nbsp;вентилятора в&nbsp;канале воздуховода, как на&nbsp;притоке, так и&nbsp;на&nbsp;вытяжке при непосредственной установке в&nbsp;канал систем вентиляции и&nbsp;кондиционирования. Перемещаемый воздух не&nbsp;должен содержать твердых, клеящихся или агрессивных примесей. Шумоглушитель изготавливается из&nbsp;оцинкованной стали с&nbsp;шумопоглощающим материалом из&nbsp;минерального волокна. Падение давления на&nbsp;шумоглушителе вычисляется как для участка воздуховода того&nbsp;же размера.</p>

<h4>Гарантия&nbsp;&mdash; 12&nbsp;месяцев</h4>",,1,,Купить SCr 160/600 Шумоглушитель SHUFT с доставкой на uralenergotel.ru,Купить SCr 160/600 Шумоглушитель SHUFT по низкой цене у официального дилера ТД УЭТ,scr_160_600,Уточняйте у менеджера,"Доставка со складов: Екатеринбург, Киржач, Орехово-Зеуво, Лакинск, Петушки",SHUFT,CFW,SCr 160/600,7.5,160,30.2,160,74,30.2,160,30.2,74,30.2,7,https://rkcdn.ru/products/e4e158b7-e1c2-11ed-b733-005056013a69/src.jpg
SCr 160/900 Шумоглушитель SHUFT,,RUB,7410.0,1,1,,"<p>Купить SCr 160/900 Шумоглушитель SHUFT из наличия в ТД УЭТ. Доставка со склада в Екатеринбурге во все города России. Цена на SCr 160/900 Шумоглушитель SHUFT актуальна. Для заказа и уточнения дополнительных скидок отправьте запрос по e-mail: sale@uralenergotel.ru. Для постоянных клиентов предусмотрены специальные цены.&nbsp;<br><br>Также вы можете воспользоваться боковым меню справа и выбрать необходимые для вас характеристики, либо подобрать аналогичные товары из наличия у нас на сайте.&nbsp;<br><br>Поставим SCr 160/900 Шумоглушитель SHUFT напрямую со склада в города России: Москва, Санкт-Петербург, Казань, Самара, Екатеринбург, Челябинск, Уфа, Тюмень, Краснодар, Новосибирск, Пермь, Сургут, Омск, Красноярск, Ростов-на-Дону, Нижний Новгород, Волгоград, Чита, Иркутск и т.д.</p><h3>Описание</h3><p>&nbsp;</p><p>Шумоглушитель предназначен для снижения шума от&nbsp;вентилятора в&nbsp;канале воздуховода, как на&nbsp;притоке, так и&nbsp;на&nbsp;вытяжке при непосредственной установке в&nbsp;канал систем вентиляции и&nbsp;кондиционирования. Перемещаемый воздух не&nbsp;должен содержать твердых, клеящихся или агрессивных примесей. Шумоглушитель изготавливается из&nbsp;оцинкованной стали с&nbsp;шумопоглощающим материалом из&nbsp;минерального волокна. Падение давления на&nbsp;шумоглушителе вычисляется как для участка воздуховода того&nbsp;же размера.</p>

<h4>Гарантия&nbsp;&mdash; 12&nbsp;месяцев</h4>",,1,,Купить SCr 160/900 Шумоглушитель SHUFT с доставкой на uralenergotel.ru,Купить SCr 160/900 Шумоглушитель SHUFT по низкой цене у официального дилера ТД УЭТ,scr_160_900,Уточняйте у менеджера,"Доставка со складов: Екатеринбург, Киржач, Орехово-Зеуво, Лакинск, Петушки",SHUFT,CFW,SCr 160/900,9.5,160,31.5,160,31.5,104,160,31.5,31.5,104,9,https://rkcdn.ru/products/e4e158b1-e1c2-11ed-b733-005056013a69/src.jpg
SCr 200/600 Шумоглушитель SHUFT,,RUB,7160.0,1,1,,"<p>Купить SCr 200/600 Шумоглушитель SHUFT из наличия в ТД УЭТ. Доставка со склада в Екатеринбурге во все города России. Цена на SCr 200/600 Шумоглушитель SHUFT актуальна. Для заказа и уточнения дополнительных скидок отправьте запрос по e-mail: sale@uralenergotel.ru. Для постоянных клиентов предусмотрены специальные цены.&nbsp;<br><br>Также вы можете воспользоваться боковым меню справа и выбрать необходимые для вас характеристики, либо подобрать аналогичные товары из наличия у нас на сайте.&nbsp;<br><br>Поставим SCr 200/600 Шумоглушитель SHUFT напрямую со склада в города России: Москва, Санкт-Петербург, Казань, Самара, Екатеринбург, Челябинск, Уфа, Тюмень, Краснодар, Новосибирск, Пермь, Сургут, Омск, Красноярск, Ростов-на-Дону, Нижний Новгород, Волгоград, Чита, Иркутск и т.д.</p><h3>Описание</h3><p>&nbsp;</p><p>Шумоглушитель предназначен для снижения шума от&nbsp;вентилятора в&nbsp;канале воздуховода, как на&nbsp;притоке, так и&nbsp;на&nbsp;вытяжке при непосредственной установке в&nbsp;канал систем вентиляции и&nbsp;кондиционирования. Перемещаемый воздух не&nbsp;должен содержать твердых, клеящихся или агрессивных примесей. Шумоглушитель изготавливается из&nbsp;оцинкованной стали с&nbsp;шумопоглощающим материалом из&nbsp;минерального волокна. Падение давления на&nbsp;шумоглушителе вычисляется как для участка воздуховода того&nbsp;же размера.</p>

<h4>Гарантия&nbsp;&mdash; 12&nbsp;месяцев</h4>",,1,,Купить SCr 200/600 Шумоглушитель SHUFT с доставкой на uralenergotel.ru,Купить SCr 200/600 Шумоглушитель SHUFT по низкой цене у официального дилера ТД УЭТ,scr_200_600,Уточняйте у менеджера,"Доставка со складов: Екатеринбург, Киржач, Орехово-Зеуво, Лакинск, Петушки",SHUFT,CFW,SCr 200/600,8.5,200,32,200,72,33,200,32,72,33,8,https://rkcdn.ru/products/e4e158b3-e1c2-11ed-b733-005056013a69/src.jpg
SCr 200/900 Шумоглушитель SHUFT,,RUB,9000.0,1,1,,"<p>Купить SCr 200/900 Шумоглушитель SHUFT из наличия в ТД УЭТ. Доставка со склада в Екатеринбурге во все города России. Цена на SCr 200/900 Шумоглушитель SHUFT актуальна. Для заказа и уточнения дополнительных скидок отправьте запрос по e-mail: sale@uralenergotel.ru. Для постоянных клиентов предусмотрены специальные цены.&nbsp;<br><br>Также вы можете воспользоваться боковым меню справа и выбрать необходимые для вас характеристики, либо подобрать аналогичные товары из наличия у нас на сайте.&nbsp;<br><br>Поставим SCr 200/900 Шумоглушитель SHUFT напрямую со склада в города России: Москва, Санкт-Петербург, Казань, Самара, Екатеринбург, Челябинск, Уфа, Тюмень, Краснодар, Новосибирск, Пермь, Сургут, Омск, Красноярск, Ростов-на-Дону, Нижний Новгород, Волгоград, Чита, Иркутск и т.д.</p><h3>Описание</h3><p>&nbsp;</p><p>Шумоглушитель предназначен для снижения шума от&nbsp;вентилятора в&nbsp;канале воздуховода, как на&nbsp;притоке, так и&nbsp;на&nbsp;вытяжке при непосредственной установке в&nbsp;канал систем вентиляции и&nbsp;кондиционирования. Перемещаемый воздух не&nbsp;должен содержать твердых, клеящихся или агрессивных примесей. Шумоглушитель изготавливается из&nbsp;оцинкованной стали с&nbsp;шумопоглощающим материалом из&nbsp;минерального волокна. Падение давления на&nbsp;шумоглушителе вычисляется как для участка воздуховода того&nbsp;же размера.</p>

<h4>Гарантия&nbsp;&mdash; 12&nbsp;месяцев</h4>",,1,,Купить SCr 200/900 Шумоглушитель SHUFT с доставкой на uralenergotel.ru,Купить SCr 200/900 Шумоглушитель SHUFT по низкой цене у официального дилера ТД УЭТ,scr_200_900,Уточняйте у менеджера,"Доставка со складов: Екатеринбург, Киржач, Орехово-Зеуво, Лакинск, Петушки",SHUFT,CFW,SCr 200/900,11.5,200,34.5,200,34.5,104,200,34.5,34.5,104,11,https://rkcdn.ru/products/e4e158bd-e1c2-11ed-b733-005056013a69/src.jpg
SCr 250/600 Шумоглушитель SHUFT,,RUB,8350.0,1,1,,"<p>Купить SCr 250/600 Шумоглушитель SHUFT из наличия в ТД УЭТ. Доставка со склада в Екатеринбурге во все города России. Цена на SCr 250/600 Шумоглушитель SHUFT актуальна. Для заказа и уточнения дополнительных скидок отправьте запрос по e-mail: sale@uralenergotel.ru. Для постоянных клиентов предусмотрены специальные цены.&nbsp;<br><br>Также вы можете воспользоваться боковым меню справа и выбрать необходимые для вас характеристики, либо подобрать аналогичные товары из наличия у нас на сайте.&nbsp;<br><br>Поставим SCr 250/600 Шумоглушитель SHUFT напрямую со склада в города России: Москва, Санкт-Петербург, Казань, Самара, Екатеринбург, Челябинск, Уфа, Тюмень, Краснодар, Новосибирск, Пермь, Сургут, Омск, Красноярск, Ростов-на-Дону, Нижний Новгород, Волгоград, Чита, Иркутск и т.д.</p><h3>Описание</h3><p>&nbsp;</p><p>Шумоглушитель предназначен для снижения шума от&nbsp;вентилятора в&nbsp;канале воздуховода, как на&nbsp;притоке, так и&nbsp;на&nbsp;вытяжке при непосредственной установке в&nbsp;канал систем вентиляции и&nbsp;кондиционирования. Перемещаемый воздух не&nbsp;должен содержать твердых, клеящихся или агрессивных примесей. Шумоглушитель изготавливается из&nbsp;оцинкованной стали с&nbsp;шумопоглощающим материалом из&nbsp;минерального волокна. Падение давления на&nbsp;шумоглушителе вычисляется как для участка воздуховода того&nbsp;же размера.</p>

<h4>Гарантия&nbsp;&mdash; 12&nbsp;месяцев</h4>",,1,,Купить SCr 250/600 Шумоглушитель SHUFT с доставкой на uralenergotel.ru,Купить SCr 250/600 Шумоглушитель SHUFT по низкой цене у официального дилера ТД УЭТ,scr_250_600,Уточняйте у менеджера,"Доставка со складов: Екатеринбург, Киржач, Орехово-Зеуво, Лакинск, Петушки",SHUFT,CFW,SCr 250/600,10.5,250,37,250,72,37,250,37,72,37,10,https://rkcdn.ru/products/e4e158bb-e1c2-11ed-b733-005056013a69/src.jpg
SCr 250/900 Шумоглушитель SHUFT,,RUB,10590.0,1,1,,"<p>Купить SCr 250/900 Шумоглушитель SHUFT из наличия в ТД УЭТ. Доставка со склада в Екатеринбурге во все города России. Цена на SCr 250/900 Шумоглушитель SHUFT актуальна. Для заказа и уточнения дополнительных скидок отправьте запрос по e-mail: sale@uralenergotel.ru. Для постоянных клиентов предусмотрены специальные цены.&nbsp;<br><br>Также вы можете воспользоваться боковым меню справа и выбрать необходимые для вас характеристики, либо подобрать аналогичные товары из наличия у нас на сайте.&nbsp;<br><br>Поставим SCr 250/900 Шумоглушитель SHUFT напрямую со склада в города России: Москва, Санкт-Петербург, Казань, Самара, Екатеринбург, Челябинск, Уфа, Тюмень, Краснодар, Новосибирск, Пермь, Сургут, Омск, Красноярск, Ростов-на-Дону, Нижний Новгород, Волгоград, Чита, Иркутск и т.д.</p><h3>Описание</h3><p>&nbsp;</p><p>Шумоглушитель предназначен для снижения шума от&nbsp;вентилятора в&nbsp;канале воздуховода, как на&nbsp;притоке, так и&nbsp;на&nbsp;вытяжке при непосредственной установке в&nbsp;канал систем вентиляции и&nbsp;кондиционирования. Перемещаемый воздух не&nbsp;должен содержать твердых, клеящихся или агрессивных примесей. Шумоглушитель изготавливается из&nbsp;оцинкованной стали с&nbsp;шумопоглощающим материалом из&nbsp;минерального волокна. Падение давления на&nbsp;шумоглушителе вычисляется как для участка воздуховода того&nbsp;же размера.</p>

<h4>Гарантия&nbsp;&mdash; 12&nbsp;месяцев</h4>",,1,,Купить SCr 250/900 Шумоглушитель SHUFT с доставкой на uralenergotel.ru,Купить SCr 250/900 Шумоглушитель SHUFT по низкой цене у официального дилера ТД УЭТ,scr_250_900,Уточняйте у менеджера,"Доставка со складов: Екатеринбург, Киржач, Орехово-Зеуво, Лакинск, Петушки",SHUFT,CFW,SCr 250/900,13.5,250,39,250,105,39,250,39,105,39,13,https://rkcdn.ru/products/e4e158b9-e1c2-11ed-b733-005056013a69/src.jpg
SCr 315/600 Шумоглушитель SHUFT,,RUB,10850.0,1,1,,"<p>Купить SCr 315/600 Шумоглушитель SHUFT из наличия в ТД УЭТ. Доставка со склада в Екатеринбурге во все города России. Цена на SCr 315/600 Шумоглушитель SHUFT актуальна. Для заказа и уточнения дополнительных скидок отправьте запрос по e-mail: sale@uralenergotel.ru. Для постоянных клиентов предусмотрены специальные цены.&nbsp;<br><br>Также вы можете воспользоваться боковым меню справа и выбрать необходимые для вас характеристики, либо подобрать аналогичные товары из наличия у нас на сайте.&nbsp;<br><br>Поставим SCr 315/600 Шумоглушитель SHUFT напрямую со склада в города России: Москва, Санкт-Петербург, Казань, Самара, Екатеринбург, Челябинск, Уфа, Тюмень, Краснодар, Новосибирск, Пермь, Сургут, Омск, Красноярск, Ростов-на-Дону, Нижний Новгород, Волгоград, Чита, Иркутск и т.д.</p><h3>Описание</h3><p>&nbsp;</p><p>Шумоглушитель предназначен для снижения шума от&nbsp;вентилятора в&nbsp;канале воздуховода, как на&nbsp;притоке, так и&nbsp;на&nbsp;вытяжке при непосредственной установке в&nbsp;канал систем вентиляции и&nbsp;кондиционирования. Перемещаемый воздух не&nbsp;должен содержать твердых, клеящихся или агрессивных примесей. Шумоглушитель изготавливается из&nbsp;оцинкованной стали с&nbsp;шумопоглощающим материалом из&nbsp;минерального волокна. Падение давления на&nbsp;шумоглушителе вычисляется как для участка воздуховода того&nbsp;же размера.</p>

<h4>Гарантия&nbsp;&mdash; 12&nbsp;месяцев</h4>",,1,,Купить SCr 315/600 Шумоглушитель SHUFT с доставкой на uralenergotel.ru,Купить SCr 315/600 Шумоглушитель SHUFT по низкой цене у официального дилера ТД УЭТ,scr_315_600,Уточняйте у менеджера,"Доставка со складов: Екатеринбург, Киржач, Орехово-Зеуво, Лакинск, Петушки",SHUFT,CFW,SCr 315/600,13.5,315,46,300,46,74.5,315,46,46,74.5,13,https://rkcdn.ru/products/eaf4faa8-e1c2-11ed-b733-005056013a69/src.jpg
SCr 315/900 Шумоглушитель SHUFT,,RUB,14300.0,1,1,,"<p>Купить SCr 315/900 Шумоглушитель SHUFT из наличия в ТД УЭТ. Доставка со склада в Екатеринбурге во все города России. Цена на SCr 315/900 Шумоглушитель SHUFT актуальна. Для заказа и уточнения дополнительных скидок отправьте запрос по e-mail: sale@uralenergotel.ru. Для постоянных клиентов предусмотрены специальные цены.&nbsp;<br><br>Также вы можете воспользоваться боковым меню справа и выбрать необходимые для вас характеристики, либо подобрать аналогичные товары из наличия у нас на сайте.&nbsp;<br><br>Поставим SCr 315/900 Шумоглушитель SHUFT напрямую со склада в города России: Москва, Санкт-Петербург, Казань, Самара, Екатеринбург, Челябинск, Уфа, Тюмень, Краснодар, Новосибирск, Пермь, Сургут, Омск, Красноярск, Ростов-на-Дону, Нижний Новгород, Волгоград, Чита, Иркутск и т.д.</p><h3>Описание</h3><p>&nbsp;</p><p>Шумоглушитель предназначен для снижения шума от&nbsp;вентилятора в&nbsp;канале воздуховода, как на&nbsp;притоке, так и&nbsp;на&nbsp;вытяжке при непосредственной установке в&nbsp;канал систем вентиляции и&nbsp;кондиционирования. Перемещаемый воздух не&nbsp;должен содержать твердых, клеящихся или агрессивных примесей. Шумоглушитель изготавливается из&nbsp;оцинкованной стали с&nbsp;шумопоглощающим материалом из&nbsp;минерального волокна. Падение давления на&nbsp;шумоглушителе вычисляется как для участка воздуховода того&nbsp;же размера.</p>

<h4>Гарантия&nbsp;&mdash; 12&nbsp;месяцев</h4>",,1,,Купить SCr 315/900 Шумоглушитель SHUFT с доставкой на uralenergotel.ru,Купить SCr 315/900 Шумоглушитель SHUFT по низкой цене у официального дилера ТД УЭТ,scr_315_900,Уточняйте у менеджера,"Доставка со складов: Екатеринбург, Киржач, Орехово-Зеуво, Лакинск, Петушки",SHUFT,CFW,SCr 315/900,19.5,315,44,300,107,44,315,44,107,44,19,https://rkcdn.ru/products/eaf4faac-e1c2-11ed-b733-005056013a69/src.jpg
SCr 400/600 Шумоглушитель SHUFT,,RUB,19330.0,1,1,,"<p>Купить SCr 400/600 Шумоглушитель SHUFT из наличия в ТД УЭТ. Доставка со склада в Екатеринбурге во все города России. Цена на SCr 400/600 Шумоглушитель SHUFT актуальна. Для заказа и уточнения дополнительных скидок отправьте запрос по e-mail: sale@uralenergotel.ru. Для постоянных клиентов предусмотрены специальные цены.&nbsp;<br><br>Также вы можете воспользоваться боковым меню справа и выбрать необходимые для вас характеристики, либо подобрать аналогичные товары из наличия у нас на сайте.&nbsp;<br><br>Поставим SCr 400/600 Шумоглушитель SHUFT напрямую со склада в города России: Москва, Санкт-Петербург, Казань, Самара, Екатеринбург, Челябинск, Уфа, Тюмень, Краснодар, Новосибирск, Пермь, Сургут, Омск, Красноярск, Ростов-на-Дону, Нижний Новгород, Волгоград, Чита, Иркутск и т.д.</p><h3>Описание</h3><p>&nbsp;</p><p>Шумоглушитель предназначен для снижения шума от&nbsp;вентилятора в&nbsp;канале воздуховода, как на&nbsp;притоке, так и&nbsp;на&nbsp;вытяжке при непосредственной установке в&nbsp;канал систем вентиляции и&nbsp;кондиционирования. Перемещаемый воздух не&nbsp;должен содержать твердых, клеящихся или агрессивных примесей. Шумоглушитель изготавливается из&nbsp;оцинкованной стали с&nbsp;шумопоглощающим материалом из&nbsp;минерального волокна. Падение давления на&nbsp;шумоглушителе вычисляется как для участка воздуховода того&nbsp;же размера.</p>

<h4>Гарантия&nbsp;&mdash; 12&nbsp;месяцев</h4>",,1,,Купить SCr 400/600 Шумоглушитель SHUFT с доставкой на uralenergotel.ru,Купить SCr 400/600 Шумоглушитель SHUFT по низкой цене у официального дилера ТД УЭТ,scr_400_600,Уточняйте у менеджера,"Доставка со складов: Екатеринбург, Киржач, Орехово-Зеуво, Лакинск, Петушки",SHUFT,CFW,SCr 400/600,17.5,400,52,400,72,52,400,52,72,52,17,https://rkcdn.ru/products/eaf4faaa-e1c2-11ed-b733-005056013a69/src.jpg
SCr 400/900 Шумоглушитель SHUFT,,RUB,20390.0,1,1,,"<p>Купить SCr 400/900 Шумоглушитель SHUFT из наличия в ТД УЭТ. Доставка со склада в Екатеринбурге во все города России. Цена на SCr 400/900 Шумоглушитель SHUFT актуальна. Для заказа и уточнения дополнительных скидок отправьте запрос по e-mail: sale@uralenergotel.ru. Для постоянных клиентов предусмотрены специальные цены.&nbsp;<br><br>Также вы можете воспользоваться боковым меню справа и выбрать необходимые для вас характеристики, либо подобрать аналогичные товары из наличия у нас на сайте.&nbsp;<br><br>Поставим SCr 400/900 Шумоглушитель SHUFT напрямую со склада в города России: Москва, Санкт-Петербург, Казань, Самара, Екатеринбург, Челябинск, Уфа, Тюмень, Краснодар, Новосибирск, Пермь, Сургут, Омск, Красноярск, Ростов-на-Дону, Нижний Новгород, Волгоград, Чита, Иркутск и т.д.</p><h3>Описание</h3><p>&nbsp;</p><p>Шумоглушитель предназначен для снижения шума от&nbsp;вентилятора в&nbsp;канале воздуховода, как на&nbsp;притоке, так и&nbsp;на&nbsp;вытяжке при непосредственной установке в&nbsp;канал систем вентиляции и&nbsp;кондиционирования. Перемещаемый воздух не&nbsp;должен содержать твердых, клеящихся или агрессивных примесей. Шумоглушитель изготавливается из&nbsp;оцинкованной стали с&nbsp;шумопоглощающим материалом из&nbsp;минерального волокна. Падение давления на&nbsp;шумоглушителе вычисляется как для участка воздуховода того&nbsp;же размера.</p>

<h4>Гарантия&nbsp;&mdash; 12&nbsp;месяцев</h4>",,1,,Купить SCr 400/900 Шумоглушитель SHUFT с доставкой на uralenergotel.ru,Купить SCr 400/900 Шумоглушитель SHUFT по низкой цене у официального дилера ТД УЭТ,scr_400_900,Уточняйте у менеджера,"Доставка со складов: Екатеринбург, Киржач, Орехово-Зеуво, Лакинск, Петушки",SHUFT,CFW,SCr 400/900,23.5,400,51,400,106,53,400,51,106,53,23,https://rkcdn.ru/products/eaf4fab0-e1c2-11ed-b733-005056013a69/src.jpg
SCr 500/900 Шумоглушитель SHUFT,,RUB,25550.0,0,1,,"<p>Купить SCr 500/900 Шумоглушитель SHUFT из наличия в ТД УЭТ. Доставка со склада в Екатеринбурге во все города России. Цена на SCr 500/900 Шумоглушитель SHUFT актуальна. Для заказа и уточнения дополнительных скидок отправьте запрос по e-mail: sale@uralenergotel.ru. Для постоянных клиентов предусмотрены специальные цены.&nbsp;<br><br>Также вы можете воспользоваться боковым меню справа и выбрать необходимые для вас характеристики, либо подобрать аналогичные товары из наличия у нас на сайте.&nbsp;<br><br>Поставим SCr 500/900 Шумоглушитель SHUFT напрямую со склада в города России: Москва, Санкт-Петербург, Казань, Самара, Екатеринбург, Челябинск, Уфа, Тюмень, Краснодар, Новосибирск, Пермь, Сургут, Омск, Красноярск, Ростов-на-Дону, Нижний Новгород, Волгоград, Чита, Иркутск и т.д.</p><h3>Описание</h3><p>&nbsp;</p><p>Шумоглушитель предназначен для снижения шума от&nbsp;вентилятора в&nbsp;канале воздуховода, как на&nbsp;притоке, так и&nbsp;на&nbsp;вытяжке при непосредственной установке в&nbsp;канал систем вентиляции и&nbsp;кондиционирования. Перемещаемый воздух не&nbsp;должен содержать твердых, клеящихся или агрессивных примесей. Шумоглушитель изготавливается из&nbsp;оцинкованной стали с&nbsp;шумопоглощающим материалом из&nbsp;минерального волокна. Падение давления на&nbsp;шумоглушителе вычисляется как для участка воздуховода того&nbsp;же размера.</p>

<h4>Гарантия&nbsp;&mdash; 12&nbsp;месяцев</h4>",,1,,Купить SCr 500/900 Шумоглушитель SHUFT с доставкой на uralenergotel.ru,Купить SCr 500/900 Шумоглушитель SHUFT по низкой цене у официального дилера ТД УЭТ,scr_500_900,Уточняйте у менеджера,"Доставка со складов: Екатеринбург, Киржач, Орехово-Зеуво, Лакинск, Петушки",SHUFT,CFW,SCr 500/900,27.5,500,65,500,106,65,500,65,106,65,27,https://rkcdn.ru/products/eaf4fab2-e1c2-11ed-b733-005056013a69/src.jpg
SRr 500*250/1000 Шумоглушитель SHUFT,,RUB,11020.0,1,1,,"<p>Купить SRr 500*250/1000 Шумоглушитель SHUFT из наличия в ТД УЭТ. Доставка со склада в Екатеринбурге во все города России. Цена на SRr 500*250/1000 Шумоглушитель SHUFT актуальна. Для заказа и уточнения дополнительных скидок отправьте запрос по e-mail: sale@uralenergotel.ru. Для постоянных клиентов предусмотрены специальные цены.&nbsp;<br><br>Также вы можете воспользоваться боковым меню справа и выбрать необходимые для вас характеристики, либо подобрать аналогичные товары из наличия у нас на сайте.&nbsp;<br><br>Поставим SRr 500*250/1000 Шумоглушитель SHUFT напрямую со склада в города России: Москва, Санкт-Петербург, Казань, Самара, Екатеринбург, Челябинск, Уфа, Тюмень, Краснодар, Новосибирск, Пермь, Сургут, Омск, Красноярск, Ростов-на-Дону, Нижний Новгород, Волгоград, Чита, Иркутск и т.д.</p><h3>Описание</h3><p>&nbsp;</p><p>Шумоглушитель cерии SRr предназначен для снижения шума от&nbsp;вентилятора в&nbsp;канале воздуховода, как на&nbsp;притоке, так и&nbsp;на&nbsp;вытяжке при непосредственной установке в&nbsp;канал систем вентиляции и&nbsp;кондиционирования.</p>

<p>Перемещаемый воздух не&nbsp;должен содержать твердых, клеящихся или агрессивных примесей. Максимальная рабочая температура воздуха составляет 60&deg;С,&nbsp;максимальная допустимая скорость 10&nbsp;м/с.&nbsp; Шумоглушитель изготавливается из&nbsp;оцинкованной стали с&nbsp;поглощающим материалом из&nbsp;минерального волокна. Для достижения максимальной эффективности шумоглушения рекомендуется предусмотреть перед шумоглушителем прямой участок длинной не&nbsp;менее 1,5&nbsp;м.</p>

<p><strong>Гарантия&nbsp;&mdash; 12&nbsp;месяцев</strong></p>",,1,,Купить SRr 500*250/1000 Шумоглушитель SHUFT с доставкой на uralenergotel.ru,Купить SRr 500*250/1000 Шумоглушитель SHUFT по низкой цене у официального дилера ТД УЭТ,srr_500x250_1000,Уточняйте у менеджера,"Доставка со складов: Екатеринбург, Киржач, Орехово-Зеуво, Лакинск, Петушки",SHUFT,CFW,SRr 500*250/1000,14.52,,29,500*250,101,54,,29,101,54,14.02,https://rkcdn.ru/products/44d99fc1-67f8-11eb-b729-005056010604/src.jpg
SRr 500*300/1000 Шумоглушитель SHUFT,,RUB,12100.0,1,1,,"<p>Купить SRr 500*300/1000 Шумоглушитель SHUFT из наличия в ТД УЭТ. Доставка со склада в Екатеринбурге во все города России. Цена на SRr 500*300/1000 Шумоглушитель SHUFT актуальна. Для заказа и уточнения дополнительных скидок отправьте запрос по e-mail: sale@uralenergotel.ru. Для постоянных клиентов предусмотрены специальные цены.&nbsp;<br><br>Также вы можете воспользоваться боковым меню справа и выбрать необходимые для вас характеристики, либо подобрать аналогичные товары из наличия у нас на сайте.&nbsp;<br><br>Поставим SRr 500*300/1000 Шумоглушитель SHUFT напрямую со склада в города России: Москва, Санкт-Петербург, Казань, Самара, Екатеринбург, Челябинск, Уфа, Тюмень, Краснодар, Новосибирск, Пермь, Сургут, Омск, Красноярск, Ростов-на-Дону, Нижний Новгород, Волгоград, Чита, Иркутск и т.д.</p><h3>Описание</h3><p>&nbsp;</p><p>Шумоглушитель cерии SRr предназначен для снижения шума от&nbsp;вентилятора в&nbsp;канале воздуховода, как на&nbsp;притоке, так и&nbsp;на&nbsp;вытяжке при непосредственной установке в&nbsp;канал систем вентиляции и&nbsp;кондиционирования.</p>

<p>Перемещаемый воздух не&nbsp;должен содержать твердых, клеящихся или агрессивных примесей. Максимальная рабочая температура воздуха составляет 60&deg;С,&nbsp;максимальная допустимая скорость 10&nbsp;м/с.&nbsp; Шумоглушитель изготавливается из&nbsp;оцинкованной стали с&nbsp;поглощающим материалом из&nbsp;минерального волокна. Для достижения максимальной эффективности шумоглушения рекомендуется предусмотреть перед шумоглушителем прямой участок длинной не&nbsp;менее 1,5&nbsp;м.</p>

<p><strong>Гарантия&nbsp;&mdash; 12&nbsp;месяцев</strong></p>",,1,,Купить SRr 500*300/1000 Шумоглушитель SHUFT с доставкой на uralenergotel.ru,Купить SRr 500*300/1000 Шумоглушитель SHUFT по низкой цене у официального дилера ТД УЭТ,srr_500x300_1000,Уточняйте у менеджера,"Доставка со складов: Екатеринбург, Киржач, Орехово-Зеуво, Лакинск, Петушки",SHUFT,CFW,SRr 500*300/1000,16,,30,500*300,101,54,,30,101,54,15.5,https://rkcdn.ru/products/1b6bca45-686f-11eb-b729-005056010604/src.jpg
SRr 600*300/1000 Шумоглушитель SHUFT,,RUB,12950.0,1,1,,"<p>Купить SRr 600*300/1000 Шумоглушитель SHUFT из наличия в ТД УЭТ. Доставка со склада в Екатеринбурге во все города России. Цена на SRr 600*300/1000 Шумоглушитель SHUFT актуальна. Для заказа и уточнения дополнительных скидок отправьте запрос по e-mail: sale@uralenergotel.ru. Для постоянных клиентов предусмотрены специальные цены.&nbsp;<br><br>Также вы можете воспользоваться боковым меню справа и выбрать необходимые для вас характеристики, либо подобрать аналогичные товары из наличия у нас на сайте.&nbsp;<br><br>Поставим SRr 600*300/1000 Шумоглушитель SHUFT напрямую со склада в города России: Москва, Санкт-Петербург, Казань, Самара, Екатеринбург, Челябинск, Уфа, Тюмень, Краснодар, Новосибирск, Пермь, Сургут, Омск, Красноярск, Ростов-на-Дону, Нижний Новгород, Волгоград, Чита, Иркутск и т.д.</p><h3>Описание</h3><p>&nbsp;</p><p>Шумоглушитель cерии SRr предназначен для снижения шума от&nbsp;вентилятора в&nbsp;канале воздуховода, как на&nbsp;притоке, так и&nbsp;на&nbsp;вытяжке при непосредственной установке в&nbsp;канал систем вентиляции и&nbsp;кондиционирования.</p>

<p>Перемещаемый воздух не&nbsp;должен содержать твердых, клеящихся или агрессивных примесей. Максимальная рабочая температура воздуха составляет 60&deg;С,&nbsp;максимальная допустимая скорость 10&nbsp;м/с.&nbsp; Шумоглушитель изготавливается из&nbsp;оцинкованной стали с&nbsp;поглощающим материалом из&nbsp;минерального волокна. Для достижения максимальной эффективности шумоглушения рекомендуется предусмотреть перед шумоглушителем прямой участок длинной не&nbsp;менее 1,5&nbsp;м.</p>

<p><strong>Гарантия&nbsp;&mdash; 12&nbsp;месяцев</strong></p>",,1,,Купить SRr 600*300/1000 Шумоглушитель SHUFT с доставкой на uralenergotel.ru,Купить SRr 600*300/1000 Шумоглушитель SHUFT по низкой цене у официального дилера ТД УЭТ,srr_600x300_1000,Уточняйте у менеджера,"Доставка со складов: Екатеринбург, Киржач, Орехово-Зеуво, Лакинск, Петушки",SHUFT,CFW,SRr 600*300/1000,18.84,,34,600*300,101,64,,34,101,64,18.34,https://rkcdn.ru/products/2ccc39f1-67f5-11eb-b729-005056010604/src.jpg
SRr 600*350/1000 Шумоглушитель SHUFT,,RUB,13780.0,1,1,,"<p>Купить SRr 600*350/1000 Шумоглушитель SHUFT из наличия в ТД УЭТ. Доставка со склада в Екатеринбурге во все города России. Цена на SRr 600*350/1000 Шумоглушитель SHUFT актуальна. Для заказа и уточнения дополнительных скидок отправьте запрос по e-mail: sale@uralenergotel.ru. Для постоянных клиентов предусмотрены специальные цены.&nbsp;<br><br>Также вы можете воспользоваться боковым меню справа и выбрать необходимые для вас характеристики, либо подобрать аналогичные товары из наличия у нас на сайте.&nbsp;<br><br>Поставим SRr 600*350/1000 Шумоглушитель SHUFT напрямую со склада в города России: Москва, Санкт-Петербург, Казань, Самара, Екатеринбург, Челябинск, Уфа, Тюмень, Краснодар, Новосибирск, Пермь, Сургут, Омск, Красноярск, Ростов-на-Дону, Нижний Новгород, Волгоград, Чита, Иркутск и т.д.</p><h3>Описание</h3><p>&nbsp;</p><p>Шумоглушитель cерии SRr предназначен для снижения шума от&nbsp;вентилятора в&nbsp;канале воздуховода, как на&nbsp;притоке, так и&nbsp;на&nbsp;вытяжке при непосредственной установке в&nbsp;канал систем вентиляции и&nbsp;кондиционирования.</p>

<p>Перемещаемый воздух не&nbsp;должен содержать твердых, клеящихся или агрессивных примесей. Максимальная рабочая температура воздуха составляет 60&deg;С,&nbsp;максимальная допустимая скорость 10&nbsp;м/с.&nbsp; Шумоглушитель изготавливается из&nbsp;оцинкованной стали с&nbsp;поглощающим материалом из&nbsp;минерального волокна. Для достижения максимальной эффективности шумоглушения рекомендуется предусмотреть перед шумоглушителем прямой участок длинной не&nbsp;менее 1,5&nbsp;м.</p>

<p><strong>Гарантия&nbsp;&mdash; 12&nbsp;месяцев</strong></p>",,1,,Купить SRr 600*350/1000 Шумоглушитель SHUFT с доставкой на uralenergotel.ru,Купить SRr 600*350/1000 Шумоглушитель SHUFT по низкой цене у официального дилера ТД УЭТ,srr_600x350_1000,Уточняйте у менеджера,"Доставка со складов: Екатеринбург, Киржач, Орехово-Зеуво, Лакинск, Петушки",SHUFT,CFW,SRr 600*350/1000,19.4,,39,600*350,101,64,,39,101,64,18.9,https://rkcdn.ru/products/9a89c7af-67f3-11eb-b729-005056010604/src.jpg
SRr 700*400/1000 Шумоглушитель SHUFT,,RUB,17380.0,1,1,,"<p>Купить SRr 700*400/1000 Шумоглушитель SHUFT из наличия в ТД УЭТ. Доставка со склада в Екатеринбурге во все города России. Цена на SRr 700*400/1000 Шумоглушитель SHUFT актуальна. Для заказа и уточнения дополнительных скидок отправьте запрос по e-mail: sale@uralenergotel.ru. Для постоянных клиентов предусмотрены специальные цены.&nbsp;<br><br>Также вы можете воспользоваться боковым меню справа и выбрать необходимые для вас характеристики, либо подобрать аналогичные товары из наличия у нас на сайте.&nbsp;<br><br>Поставим SRr 700*400/1000 Шумоглушитель SHUFT напрямую со склада в города России: Москва, Санкт-Петербург, Казань, Самара, Екатеринбург, Челябинск, Уфа, Тюмень, Краснодар, Новосибирск, Пермь, Сургут, Омск, Красноярск, Ростов-на-Дону, Нижний Новгород, Волгоград, Чита, Иркутск и т.д.</p><h3>Описание</h3><p>&nbsp;</p><p>Шумоглушитель cерии SRr предназначен для снижения шума от&nbsp;вентилятора в&nbsp;канале воздуховода, как на&nbsp;притоке, так и&nbsp;на&nbsp;вытяжке при непосредственной установке в&nbsp;канал систем вентиляции и&nbsp;кондиционирования.</p>

<p>Перемещаемый воздух не&nbsp;должен содержать твердых, клеящихся или агрессивных примесей. Максимальная рабочая температура воздуха составляет 60&deg;С,&nbsp;максимальная допустимая скорость 10&nbsp;м/с.&nbsp; Шумоглушитель изготавливается из&nbsp;оцинкованной стали с&nbsp;поглощающим материалом из&nbsp;минерального волокна. Для достижения максимальной эффективности шумоглушения рекомендуется предусмотреть перед шумоглушителем прямой участок длинной не&nbsp;менее 1,5&nbsp;м.</p>

<p><strong>Гарантия&nbsp;&mdash; 12&nbsp;месяцев</strong></p>",,1,,Купить SRr 700*400/1000 Шумоглушитель SHUFT с доставкой на uralenergotel.ru,Купить SRr 700*400/1000 Шумоглушитель SHUFT по низкой цене у официального дилера ТД УЭТ,srr_700x400_1000,Уточняйте у менеджера,"Доставка со складов: Екатеринбург, Киржач, Орехово-Зеуво, Лакинск, Петушки",SHUFT,CFW,SRr 700*400/1000,22.8,,44,700*400,101,74,,44,101,74,22.3,https://rkcdn.ru/products/60ae6a54-6868-11eb-b729-005056010604/src.jpg
SRr 800*500/1000 Шумоглушитель SHUFT,,RUB,19890.0,1,1,,"<p>Купить SRr 800*500/1000 Шумоглушитель SHUFT из наличия в ТД УЭТ. Доставка со склада в Екатеринбурге во все города России. Цена на SRr 800*500/1000 Шумоглушитель SHUFT актуальна. Для заказа и уточнения дополнительных скидок отправьте запрос по e-mail: sale@uralenergotel.ru. Для постоянных клиентов предусмотрены специальные цены.&nbsp;<br><br>Также вы можете воспользоваться боковым меню справа и выбрать необходимые для вас характеристики, либо подобрать аналогичные товары из наличия у нас на сайте.&nbsp;<br><br>Поставим SRr 800*500/1000 Шумоглушитель SHUFT напрямую со склада в города России: Москва, Санкт-Петербург, Казань, Самара, Екатеринбург, Челябинск, Уфа, Тюмень, Краснодар, Новосибирск, Пермь, Сургут, Омск, Красноярск, Ростов-на-Дону, Нижний Новгород, Волгоград, Чита, Иркутск и т.д.</p><h3>Описание</h3><p>&nbsp;</p><p>Шумоглушитель cерии SRr предназначен для снижения шума от&nbsp;вентилятора в&nbsp;канале воздуховода, как на&nbsp;притоке, так и&nbsp;на&nbsp;вытяжке при непосредственной установке в&nbsp;канал систем вентиляции и&nbsp;кондиционирования.</p>

<p>Перемещаемый воздух не&nbsp;должен содержать твердых, клеящихся или агрессивных примесей. Максимальная рабочая температура воздуха составляет 60&deg;С,&nbsp;максимальная допустимая скорость 10&nbsp;м/с.&nbsp; Шумоглушитель изготавливается из&nbsp;оцинкованной стали с&nbsp;поглощающим материалом из&nbsp;минерального волокна. Для достижения максимальной эффективности шумоглушения рекомендуется предусмотреть перед шумоглушителем прямой участок длинной не&nbsp;менее 1,5&nbsp;м.</p>

<p><strong>Гарантия&nbsp;&mdash; 12&nbsp;месяцев</strong></p>",,1,,Купить SRr 800*500/1000 Шумоглушитель SHUFT с доставкой на uralenergotel.ru,Купить SRr 800*500/1000 Шумоглушитель SHUFT по низкой цене у официального дилера ТД УЭТ,srr_800x500_1000,Уточняйте у менеджера,"Доставка со складов: Екатеринбург, Киржач, Орехово-Зеуво, Лакинск, Петушки",SHUFT,CFW,SRr 800*500/1000,28.5,,54,800*500,101,84,,54,101,84,28,https://rkcdn.ru/products/44d99fcb-67f8-11eb-b729-005056010604/src.jpg
SRSr 400*200/1000 Шумоглушитель SHUFT,,RUB,10790.0,1,1,,"<p>Купить SRSr 400*200/1000 Шумоглушитель SHUFT из наличия в ТД УЭТ. Доставка со склада в Екатеринбурге во все города России. Цена на SRSr 400*200/1000 Шумоглушитель SHUFT актуальна. Для заказа и уточнения дополнительных скидок отправьте запрос по e-mail: sale@uralenergotel.ru. Для постоянных клиентов предусмотрены специальные цены.&nbsp;<br><br>Также вы можете воспользоваться боковым меню справа и выбрать необходимые для вас характеристики, либо подобрать аналогичные товары из наличия у нас на сайте.&nbsp;<br><br>Поставим SRSr 400*200/1000 Шумоглушитель SHUFT напрямую со склада в города России: Москва, Санкт-Петербург, Казань, Самара, Екатеринбург, Челябинск, Уфа, Тюмень, Краснодар, Новосибирск, Пермь, Сургут, Омск, Красноярск, Ростов-на-Дону, Нижний Новгород, Волгоград, Чита, Иркутск и т.д.</p><h3>Описание</h3><p>&nbsp;</p><p>Шумоглушитель cерии SRSr предназначен для снижения шума от&nbsp;вентилятора в&nbsp;канале воздуховода, как на&nbsp;притоке, так и на&nbsp;вытяжке при непосредственной установке в&nbsp;канал систем вентиляции и&nbsp;кондиционирования.</p>

<p>Перемещаемый воздух не&nbsp;должен содержать твердых, клеящихся или агрессивных примесей. Максимальная рабочая температура воздуха составляет 60&deg;С, максимальная допустимая скорость 10&nbsp;м/с. Шумоглушитель изготавливается из&nbsp;оцинкованной стали с&nbsp;поглощающим материалом из&nbsp;минерального волокна.
Для достижения максимальной эффективности шумоглушения рекомендуется предусмотреть перед шумоглушителем прямой участок длинной не&nbsp;менее 1,5&nbsp;м.</p>

<p><strong>Гарантия&nbsp;&mdash; 12&nbsp;месяцев</strong></p>",,1,,Купить SRSr 400*200/1000 Шумоглушитель SHUFT с доставкой на uralenergotel.ru,Купить SRSr 400*200/1000 Шумоглушитель SHUFT по низкой цене у официального дилера ТД УЭТ,srsr_400x200_1000,Уточняйте у менеджера,"Доставка со складов: Екатеринбург, Киржач, Орехово-Зеуво, Лакинск, Петушки",SHUFT,EHR,SRSr 400*200/1000,13.26,,24,400*200,101,44,,24,101,44,12.76,https://rkcdn.ru/products/18b5260d-67f8-11eb-b729-005056010604/src.jpg
SRSr 500*250/1000 Шумоглушитель SHUFT,,RUB,14380.0,1,1,,"<p>Купить SRSr 500*250/1000 Шумоглушитель SHUFT из наличия в ТД УЭТ. Доставка со склада в Екатеринбурге во все города России. Цена на SRSr 500*250/1000 Шумоглушитель SHUFT актуальна. Для заказа и уточнения дополнительных скидок отправьте запрос по e-mail: sale@uralenergotel.ru. Для постоянных клиентов предусмотрены специальные цены.&nbsp;<br><br>Также вы можете воспользоваться боковым меню справа и выбрать необходимые для вас характеристики, либо подобрать аналогичные товары из наличия у нас на сайте.&nbsp;<br><br>Поставим SRSr 500*250/1000 Шумоглушитель SHUFT напрямую со склада в города России: Москва, Санкт-Петербург, Казань, Самара, Екатеринбург, Челябинск, Уфа, Тюмень, Краснодар, Новосибирск, Пермь, Сургут, Омск, Красноярск, Ростов-на-Дону, Нижний Новгород, Волгоград, Чита, Иркутск и т.д.</p><h3>Описание</h3><p>&nbsp;</p><p>Шумоглушитель cерии SRSr предназначен для снижения шума от&nbsp;вентилятора в&nbsp;канале воздуховода, как на&nbsp;притоке, так и на&nbsp;вытяжке при непосредственной установке в&nbsp;канал систем вентиляции и&nbsp;кондиционирования.</p>

<p>Перемещаемый воздух не&nbsp;должен содержать твердых, клеящихся или агрессивных примесей. Максимальная рабочая температура воздуха составляет 60&deg;С, максимальная допустимая скорость 10&nbsp;м/с. Шумоглушитель изготавливается из&nbsp;оцинкованной стали с&nbsp;поглощающим материалом из&nbsp;минерального волокна.
Для достижения максимальной эффективности шумоглушения рекомендуется предусмотреть перед шумоглушителем прямой участок длинной не&nbsp;менее 1,5&nbsp;м.</p>

<p><strong>Гарантия&nbsp;&mdash; 12&nbsp;месяцев</strong></p>",,1,,Купить SRSr 500*250/1000 Шумоглушитель SHUFT с доставкой на uralenergotel.ru,Купить SRSr 500*250/1000 Шумоглушитель SHUFT по низкой цене у официального дилера ТД УЭТ,srsr_500x250_1000,Уточняйте у менеджера,"Доставка со складов: Екатеринбург, Киржач, Орехово-Зеуво, Лакинск, Петушки",SHUFT,EHR,SRSr 500*250/1000,20.3,,29,500*250,101,54,,29,101,54,19.8,https://rkcdn.ru/products/bc51f4a3-67f0-11eb-b729-005056010604/src.jpg
SRSr 500*300/1000 Шумоглушитель SHUFT,,RUB,16180.0,1,1,,"<p>Купить SRSr 500*300/1000 Шумоглушитель SHUFT из наличия в ТД УЭТ. Доставка со склада в Екатеринбурге во все города России. Цена на SRSr 500*300/1000 Шумоглушитель SHUFT актуальна. Для заказа и уточнения дополнительных скидок отправьте запрос по e-mail: sale@uralenergotel.ru. Для постоянных клиентов предусмотрены специальные цены.&nbsp;<br><br>Также вы можете воспользоваться боковым меню справа и выбрать необходимые для вас характеристики, либо подобрать аналогичные товары из наличия у нас на сайте.&nbsp;<br><br>Поставим SRSr 500*300/1000 Шумоглушитель SHUFT напрямую со склада в города России: Москва, Санкт-Петербург, Казань, Самара, Екатеринбург, Челябинск, Уфа, Тюмень, Краснодар, Новосибирск, Пермь, Сургут, Омск, Красноярск, Ростов-на-Дону, Нижний Новгород, Волгоград, Чита, Иркутск и т.д.</p><h3>Описание</h3><p>&nbsp;</p><p>Шумоглушитель cерии SRSr предназначен для снижения шума от&nbsp;вентилятора в&nbsp;канале воздуховода, как на&nbsp;притоке, так и на&nbsp;вытяжке при непосредственной установке в&nbsp;канал систем вентиляции и&nbsp;кондиционирования.</p>

<p>Перемещаемый воздух не&nbsp;должен содержать твердых, клеящихся или агрессивных примесей. Максимальная рабочая температура воздуха составляет 60&deg;С, максимальная допустимая скорость 10&nbsp;м/с. Шумоглушитель изготавливается из&nbsp;оцинкованной стали с&nbsp;поглощающим материалом из&nbsp;минерального волокна.
Для достижения максимальной эффективности шумоглушения рекомендуется предусмотреть перед шумоглушителем прямой участок длинной не&nbsp;менее 1,5&nbsp;м.</p>

<p><strong>Гарантия&nbsp;&mdash; 12&nbsp;месяцев</strong></p>",,1,,Купить SRSr 500*300/1000 Шумоглушитель SHUFT с доставкой на uralenergotel.ru,Купить SRSr 500*300/1000 Шумоглушитель SHUFT по низкой цене у официального дилера ТД УЭТ,srsr_500x300_1000,Уточняйте у менеджера,"Доставка со складов: Екатеринбург, Киржач, Орехово-Зеуво, Лакинск, Петушки",SHUFT,EHR,SRSr 500*300/1000,21,,31.3,500*300,101,54,,31.3,101,54,20.5,https://rkcdn.ru/products/9a89c7bb-67f3-11eb-b729-005056010604/src.jpg
SRSr 600*300/1000 Шумоглушитель SHUFT,,RUB,16660.0,1,1,,"<p>Купить SRSr 600*300/1000 Шумоглушитель SHUFT из наличия в ТД УЭТ. Доставка со склада в Екатеринбурге во все города России. Цена на SRSr 600*300/1000 Шумоглушитель SHUFT актуальна. Для заказа и уточнения дополнительных скидок отправьте запрос по e-mail: sale@uralenergotel.ru. Для постоянных клиентов предусмотрены специальные цены.&nbsp;<br><br>Также вы можете воспользоваться боковым меню справа и выбрать необходимые для вас характеристики, либо подобрать аналогичные товары из наличия у нас на сайте.&nbsp;<br><br>Поставим SRSr 600*300/1000 Шумоглушитель SHUFT напрямую со склада в города России: Москва, Санкт-Петербург, Казань, Самара, Екатеринбург, Челябинск, Уфа, Тюмень, Краснодар, Новосибирск, Пермь, Сургут, Омск, Красноярск, Ростов-на-Дону, Нижний Новгород, Волгоград, Чита, Иркутск и т.д.</p><h3>Описание</h3><p>&nbsp;</p><p>Шумоглушитель cерии SRSr предназначен для снижения шума от&nbsp;вентилятора в&nbsp;канале воздуховода, как на&nbsp;притоке, так и на&nbsp;вытяжке при непосредственной установке в&nbsp;канал систем вентиляции и&nbsp;кондиционирования.</p>

<p>Перемещаемый воздух не&nbsp;должен содержать твердых, клеящихся или агрессивных примесей. Максимальная рабочая температура воздуха составляет 60&deg;С, максимальная допустимая скорость 10&nbsp;м/с. Шумоглушитель изготавливается из&nbsp;оцинкованной стали с&nbsp;поглощающим материалом из&nbsp;минерального волокна.
Для достижения максимальной эффективности шумоглушения рекомендуется предусмотреть перед шумоглушителем прямой участок длинной не&nbsp;менее 1,5&nbsp;м.</p>

<p><strong>Гарантия&nbsp;&mdash; 12&nbsp;месяцев</strong></p>",,1,,Купить SRSr 600*300/1000 Шумоглушитель SHUFT с доставкой на uralenergotel.ru,Купить SRSr 600*300/1000 Шумоглушитель SHUFT по низкой цене у официального дилера ТД УЭТ,srsr_600x300_1000,Уточняйте у менеджера,"Доставка со складов: Екатеринбург, Киржач, Орехово-Зеуво, Лакинск, Петушки",SHUFT,EHR,SRSr 600*300/1000,22.2,,34,600*300,101,64.3,,34,101,64.3,21.7,https://rkcdn.ru/products/22f39ffe-6873-11eb-b729-005056010604/src.jpg
SRSr 600*350/1000 Шумоглушитель SHUFT,,RUB,18580.0,1,1,,"<p>Купить SRSr 600*350/1000 Шумоглушитель SHUFT из наличия в ТД УЭТ. Доставка со склада в Екатеринбурге во все города России. Цена на SRSr 600*350/1000 Шумоглушитель SHUFT актуальна. Для заказа и уточнения дополнительных скидок отправьте запрос по e-mail: sale@uralenergotel.ru. Для постоянных клиентов предусмотрены специальные цены.&nbsp;<br><br>Также вы можете воспользоваться боковым меню справа и выбрать необходимые для вас характеристики, либо подобрать аналогичные товары из наличия у нас на сайте.&nbsp;<br><br>Поставим SRSr 600*350/1000 Шумоглушитель SHUFT напрямую со склада в города России: Москва, Санкт-Петербург, Казань, Самара, Екатеринбург, Челябинск, Уфа, Тюмень, Краснодар, Новосибирск, Пермь, Сургут, Омск, Красноярск, Ростов-на-Дону, Нижний Новгород, Волгоград, Чита, Иркутск и т.д.</p><h3>Описание</h3><p>&nbsp;</p><p>Шумоглушитель cерии SRSr предназначен для снижения шума от&nbsp;вентилятора в&nbsp;канале воздуховода, как на&nbsp;притоке, так и на&nbsp;вытяжке при непосредственной установке в&nbsp;канал систем вентиляции и&nbsp;кондиционирования.</p>

<p>Перемещаемый воздух не&nbsp;должен содержать твердых, клеящихся или агрессивных примесей. Максимальная рабочая температура воздуха составляет 60&deg;С, максимальная допустимая скорость 10&nbsp;м/с. Шумоглушитель изготавливается из&nbsp;оцинкованной стали с&nbsp;поглощающим материалом из&nbsp;минерального волокна.
Для достижения максимальной эффективности шумоглушения рекомендуется предусмотреть перед шумоглушителем прямой участок длинной не&nbsp;менее 1,5&nbsp;м.</p>

<p><strong>Гарантия&nbsp;&mdash; 12&nbsp;месяцев</strong></p>",,1,,Купить SRSr 600*350/1000 Шумоглушитель SHUFT с доставкой на uralenergotel.ru,Купить SRSr 600*350/1000 Шумоглушитель SHUFT по низкой цене у официального дилера ТД УЭТ,srsr_600x350_1000,Уточняйте у менеджера,"Доставка со складов: Екатеринбург, Киржач, Орехово-Зеуво, Лакинск, Петушки",SHUFT,EHR,SRSr 600*350/1000,23.56,,39,600*350,101,64,,39,101,64,23.06,https://rkcdn.ru/products/1f9b1a40-686c-11eb-b729-005056010604/src.jpg
SRSr 700*400/1000 Шумоглушитель SHUFT,,RUB,24570.0,1,1,,"<p>Купить SRSr 700*400/1000 Шумоглушитель SHUFT из наличия в ТД УЭТ. Доставка со склада в Екатеринбурге во все города России. Цена на SRSr 700*400/1000 Шумоглушитель SHUFT актуальна. Для заказа и уточнения дополнительных скидок отправьте запрос по e-mail: sale@uralenergotel.ru. Для постоянных клиентов предусмотрены специальные цены.&nbsp;<br><br>Также вы можете воспользоваться боковым меню справа и выбрать необходимые для вас характеристики, либо подобрать аналогичные товары из наличия у нас на сайте.&nbsp;<br><br>Поставим SRSr 700*400/1000 Шумоглушитель SHUFT напрямую со склада в города России: Москва, Санкт-Петербург, Казань, Самара, Екатеринбург, Челябинск, Уфа, Тюмень, Краснодар, Новосибирск, Пермь, Сургут, Омск, Красноярск, Ростов-на-Дону, Нижний Новгород, Волгоград, Чита, Иркутск и т.д.</p><h3>Описание</h3><p>&nbsp;</p><p>Шумоглушитель cерии SRSr предназначен для снижения шума от&nbsp;вентилятора в&nbsp;канале воздуховода, как на&nbsp;притоке, так и на&nbsp;вытяжке при непосредственной установке в&nbsp;канал систем вентиляции и&nbsp;кондиционирования.</p>

<p>Перемещаемый воздух не&nbsp;должен содержать твердых, клеящихся или агрессивных примесей. Максимальная рабочая температура воздуха составляет 60&deg;С, максимальная допустимая скорость 10&nbsp;м/с. Шумоглушитель изготавливается из&nbsp;оцинкованной стали с&nbsp;поглощающим материалом из&nbsp;минерального волокна.
Для достижения максимальной эффективности шумоглушения рекомендуется предусмотреть перед шумоглушителем прямой участок длинной не&nbsp;менее 1,5&nbsp;м.</p>

<p><strong>Гарантия&nbsp;&mdash; 12&nbsp;месяцев</strong></p>",,1,,Купить SRSr 700*400/1000 Шумоглушитель SHUFT с доставкой на uralenergotel.ru,Купить SRSr 700*400/1000 Шумоглушитель SHUFT по низкой цене у официального дилера ТД УЭТ,srsr_700x400_1000,Уточняйте у менеджера,"Доставка со складов: Екатеринбург, Киржач, Орехово-Зеуво, Лакинск, Петушки",SHUFT,EHR,SRSr 700*400/1000,30.2,,44,700*400,101,74,,44,101,74,29.7,https://rkcdn.ru/products/a7978594-686c-11eb-b729-005056010604/src.jpg
SRSr 800*500/1000 Шумоглушитель SHUFT,,RUB,34150.0,1,1,,"<p>Купить SRSr 800*500/1000 Шумоглушитель SHUFT из наличия в ТД УЭТ. Доставка со склада в Екатеринбурге во все города России. Цена на SRSr 800*500/1000 Шумоглушитель SHUFT актуальна. Для заказа и уточнения дополнительных скидок отправьте запрос по e-mail: sale@uralenergotel.ru. Для постоянных клиентов предусмотрены специальные цены.&nbsp;<br><br>Также вы можете воспользоваться боковым меню справа и выбрать необходимые для вас характеристики, либо подобрать аналогичные товары из наличия у нас на сайте.&nbsp;<br><br>Поставим SRSr 800*500/1000 Шумоглушитель SHUFT напрямую со склада в города России: Москва, Санкт-Петербург, Казань, Самара, Екатеринбург, Челябинск, Уфа, Тюмень, Краснодар, Новосибирск, Пермь, Сургут, Омск, Красноярск, Ростов-на-Дону, Нижний Новгород, Волгоград, Чита, Иркутск и т.д.</p><h3>Описание</h3><p>&nbsp;</p><p>Шумоглушитель cерии SRSr предназначен для снижения шума от&nbsp;вентилятора в&nbsp;канале воздуховода, как на&nbsp;притоке, так и на&nbsp;вытяжке при непосредственной установке в&nbsp;канал систем вентиляции и&nbsp;кондиционирования.</p>

<p>Перемещаемый воздух не&nbsp;должен содержать твердых, клеящихся или агрессивных примесей. Максимальная рабочая температура воздуха составляет 60&deg;С, максимальная допустимая скорость 10&nbsp;м/с. Шумоглушитель изготавливается из&nbsp;оцинкованной стали с&nbsp;поглощающим материалом из&nbsp;минерального волокна.
Для достижения максимальной эффективности шумоглушения рекомендуется предусмотреть перед шумоглушителем прямой участок длинной не&nbsp;менее 1,5&nbsp;м.</p>

<p><strong>Гарантия&nbsp;&mdash; 12&nbsp;месяцев</strong></p>",,1,,Купить SRSr 800*500/1000 Шумоглушитель SHUFT с доставкой на uralenergotel.ru,Купить SRSr 800*500/1000 Шумоглушитель SHUFT по низкой цене у официального дилера ТД УЭТ,srsr_800x500_1000,Уточняйте у менеджера,"Доставка со складов: Екатеринбург, Киржач, Орехово-Зеуво, Лакинск, Петушки",SHUFT,EHR,SRSr 800*500/1000,34.86,,52,800*500,101,84,,52,101,84,34.36,https://rkcdn.ru/products/3538648d-67f2-11eb-b729-005056010604/src.jpg
SCr 450/600 Шумоглушитель SHUFT,,RUB,20520.0,0,1,,"<p>Купить SCr 450/600 Шумоглушитель SHUFT из наличия в ТД УЭТ. Доставка со склада в Екатеринбурге во все города России. Цена на SCr 450/600 Шумоглушитель SHUFT актуальна. Для заказа и уточнения дополнительных скидок отправьте запрос по e-mail: sale@uralenergotel.ru. Для постоянных клиентов предусмотрены специальные цены.&nbsp;<br><br>Также вы можете воспользоваться боковым меню справа и выбрать необходимые для вас характеристики, либо подобрать аналогичные товары из наличия у нас на сайте.&nbsp;<br><br>Поставим SCr 450/600 Шумоглушитель SHUFT напрямую со склада в города России: Москва, Санкт-Петербург, Казань, Самара, Екатеринбург, Челябинск, Уфа, Тюмень, Краснодар, Новосибирск, Пермь, Сургут, Омск, Красноярск, Ростов-на-Дону, Нижний Новгород, Волгоград, Чита, Иркутск и т.д.</p><h3>Описание</h3><p>&nbsp;</p><p>Шумоглушители SHUFT серии SCr предназначены для снижения шума от вентилятора в приточных и вытяжных воздуховодах при непосредственной установке в канал систем вентиляции и кондиционирования.

Перемещаемый воздух не должен содержать твердых, клеящихся или агрессивных примесей. Шумоглушители изготавливаются из оцинкованной стали с шумопоглощающим материалом из минерального волокна.</p>",,1,,Купить SCr 450/600 Шумоглушитель SHUFT с доставкой на uralenergotel.ru,Купить SCr 450/600 Шумоглушитель SHUFT по низкой цене у официального дилера ТД УЭТ,scr_450_600,Уточняйте у менеджера,"Доставка со складов: Екатеринбург, Киржач, Орехово-Зеуво, Лакинск, Петушки",SHUFT,UniMAX-P CE EC,SCr 450/600,24.5,450,55,450,100,55,450,55,100,55,24,https://rkcdn.ru/products/e4e158a7-e1c2-11ed-b733-005056013a69/src.jpg
