Наименование,Артикул,Валюта,"Цена, с НДС",В наличии,Доступен для заказа,Краткая информация,Описание,Наклейка,Статус,Теги,Meta Title,Meta Description,URL,Срок изготовления,Доставка,Производитель,Серия,Код товара,Номинальная производительность охлаждения,Сетевой кабель,Управление c мобильного приложения по Wi-Fi,Система самодиагностики неисправности,Вес товара с упаковкой (брутто),Мин. рабочая температура воздуха для внешнего блока,Подсветка пульта,Таймер на отключение,Высота упаковки товара,Таймер на включение,Гарантийный документ,Высота внутр. блока,Глубина упаковки товара,Высота внешнего блока,Макс. рабочая температура воздуха для внешнего блока,Макс. расход воздуха,Ширина упаковки товара,Память заданных параметров работы,Глубина внешнего блока,Авторестарт при отключении питания,Макс. потребляемая мощность,Глубина внутр. блока,"Мощность кондиционера (охлаждение),BTU",Гарантийный срок,Ширина внешнего блока,Ширина внутр. блока,Регулировка положения жалюзи с пульта,Серия,Уровень шума внутр. блока,Хладагент,Генератор холодной плазмы,Макс. поддерживаемая температура,Мин. производительность обогрева,Макс. уровень шума внешнего блока,Мин. поддерживаемая температура,Мин. производительность охлаждения,Установка реального времени,Эффективен для помещ. площадью до,Автоматическое покачивание жалюзи,Макс. длина магистрали (трассы),Регулировка температуры охлаждения,Класс энергоэффективности,Функция ионизации воздуха,Режим автоочистки,Макс. перепад высот между внутр. и внешним блоками,Точность установки температуры,Инверторная технология,Режим обогрева,Режим осушения,Количество скоростей воздушного потока,"Базовая мощность кондиционера (охлаждение),BTU",Макс. производительность охлаждения,Функция интенсивного охлаждения,Цифровой дисплей,Режим SLEEP,Автоматический режим,Макс. производительность обогрева,Тепловые насосы,Функция 'Теплый старт',Вес фреона,Вес внутр. блока (нетто),Отключение дисплея,Набор крепежных элементов в комплекте,Подсветка дисплея,Потребляемая мощность в режиме нагрева,ЭНЕРГОЭФФЕКТИВНОСТЬ,Вес внешнего блока (нетто),Режим вентиляции,Пульт управления в комплекте,Потребляемая мощность в режиме охлаждения,ПЛОЩАДЬ ПОМЕЩЕНИЯ до,Номинальная производительность обогрева,Режим размораживания внешнего блока,Регулировка температуры обогрева,Страна производства,Работает с Марусей,Работает с Алисой,Работает с HOMMYN,Индикация температуры воздуха (вблизи пульта управления),Работа с умным домом,Wi-Fi модуль,Индикация режимов работы,Класс пылевлагозащищенности,Поддержание температуры вблизи пульта управления,Память положения жалюзи,УФ-обеззараживание,"Класс энергоэффективности, обогрев",Индикация температуры воздуха (вблизи устройства),Потребительский класс,Изображения,Изображения,Изображения,Изображения,Изображения,Изображения,Изображения,Изображения
Кондиционирование,,,,,,,,,,,,,,,,,,,,,,,,,,,,,,,,,,,,,,,,,,,,,,,,,,,,,,,,,,,,,,,,,,,,,,,,,,,,,,,,,,,,,,,,,,,,,,,,,,,,,,,,,,,,,,,,,,,
!Сплит-системы,,,,,,,,,,,,,,,,,,,,,,,,,,,,,,,,,,,,,,,,,,,,,,,,,,,,,,,,,,,,,,,,,,,,,,,,,,,,,,,,,,,,,,,,,,,,,,,,,,,,,,,,,,,,,,,,,,,
!!Сплит-системы настенного типа,,,,,,,,,,,,,,,,,,,,,,,,,,,,,,,,,,,,,,,,,,,,,,,,,,,,,,,,,,,,,,,,,,,,,,,,,,,,,,,,,,,,,,,,,,,,,,,,,,,,,,,,,,,,,,,,,,,
RTSI-09HN8 Сплит-система инверторного типа Siena DC комплект Royal Thermo,,RUB,39900.0,1,1,,"<p>Купить RTSI-09HN8 Сплит-система инверторного типа Siena DC комплект Royal Thermo из наличия в ТД УЭТ. Доставка со склада в Екатеринбурге во все города России. Цена на RTSI-09HN8 Сплит-система инверторного типа Siena DC комплект Royal Thermo актуальна. Для заказа и уточнения дополнительных скидок отправьте запрос по e-mail: sale@uralenergotel.ru. Для постоянных клиентов предусмотрены специальные цены.&nbsp;<br><br>Также вы можете воспользоваться боковым меню справа и выбрать необходимые для вас характеристики, либо подобрать аналогичные товары из наличия у нас на сайте.&nbsp;<br><br>Поставим RTSI-09HN8 Сплит-система инверторного типа Siena DC комплект Royal Thermo напрямую со склада в города России: Москва, Санкт-Петербург, Казань, Самара, Екатеринбург, Челябинск, Уфа, Тюмень, Краснодар, Новосибирск, Пермь, Сургут, Омск, Красноярск, Ростов-на-Дону, Нижний Новгород, Волгоград, Чита, Иркутск и т.д.</p><h3>Описание</h3><p>&nbsp;</p>",,1,,Купить RTSI-09HN8 Сплит-система инверторного типа Siena DC комплект Royal Thermo с доставкой на uralenergotel.ru,Купить RTSI-09HN8 Сплит-система инверторного типа Siena DC комплект Royal Thermo по низкой цене у официального дилера ТД УЭТ,rtsi_09hn8,Уточняйте у менеджера,"Доставка со складов: Екатеринбург, Киржач, Орехово-Зеуво, Лакинск, Петушки",Royal Thermo,Siena DC,RTSI-09HN8,2.64,Да (с вилкой),Опция доступна при подключении съемного Wi-Fi модуля,Да,29.3,-15,Да,Да,18.32,Да,Гарантийный талон,0.285,100,0.469,50,480,100,Да,0.252,Да,1.07,0.194,9000,5 лет,0.668,0.715,Вертикальное+Горизонтальное,Siena DC,22,R32,,30,"0,91",53,17,1.17,Нет,30,Да,25,Да,A,Нет,Да,10,"1,0 °С",Да,Да,Да,4,9000,2.95,Да,Да,Да,Да,"2,99",Нет,Да,420,7.6,Да,Да,Да,812,A,18,Да,Да,823,30,2.93,Да,Да,КНР,Да,Да,Да,Нет,,Доп.опция,Да,IPX0/IP24,Нет,Да,,A,Да,,https://rkcdn.ru/products/32d2d3cb-9dbc-11ee-b8d6-00505601218a/src.jpg,https://rkcdn.ru/products/1cee537e-9dbc-11ee-b8d6-00505601218a/src.jpg,https://rkcdn.ru/products/3e317391-9dbc-11ee-b8d6-00505601218a/src.jpg,https://rkcdn.ru/products/2816d2dd-9dbc-11ee-b8d6-00505601218a/src.jpg,,,,
RTB-09HN1 Сплит-система Barocco комплект Royal Thermo,,RUB,28900.0,1,1,,"<p>Купить RTB-09HN1 Сплит-система Barocco комплект Royal Thermo из наличия в ТД УЭТ. Доставка со склада в Екатеринбурге во все города России. Цена на RTB-09HN1 Сплит-система Barocco комплект Royal Thermo актуальна. Для заказа и уточнения дополнительных скидок отправьте запрос по e-mail: sale@uralenergotel.ru. Для постоянных клиентов предусмотрены специальные цены.&nbsp;<br><br>Также вы можете воспользоваться боковым меню справа и выбрать необходимые для вас характеристики, либо подобрать аналогичные товары из наличия у нас на сайте.&nbsp;<br><br>Поставим RTB-09HN1 Сплит-система Barocco комплект Royal Thermo напрямую со склада в города России: Москва, Санкт-Петербург, Казань, Самара, Екатеринбург, Челябинск, Уфа, Тюмень, Краснодар, Новосибирск, Пермь, Сургут, Омск, Красноярск, Ростов-на-Дону, Нижний Новгород, Волгоград, Чита, Иркутск и т.д.</p><h3>Описание</h3><p>&nbsp;</p><p>РЎРїР»РёС‚-СЃРёСЃС‚РµРјС‹ Royal Thermo Barocco РѕР±РµСЃРїРµС‡Р°С‚ РЅР°РґС‘Р¶РЅСѓСЋ СЂР°Р±РѕС‚Сѓ РІ Р»СЋР±С‹С… СѓСЃР»РѕРІРёСЏС….<br />РљРѕРЅРґРёС†РёРѕРЅРµСЂС‹ СЃРµСЂРёРё Barocco РѕСЃРЅР°С‰РµРЅС‹ Р°РІС‚РѕРјР°С‚РёС‡РµСЃРєРёРјРё РІРµСЂС‚РёРєР°Р»СЊРЅС‹РјРё Рё РіРѕСЂРёР·РѕРЅС‚Р°Р»СЊРЅС‹РјРё Р¶Р°Р»СЋР·Рё, С‡С‚Рѕ СЃРѕР·РґР°С‘С‚ СЌС„С„РµРєС‚ РµСЃС‚РµСЃС‚РІРµРЅРЅРѕР№ С†РёСЂРєСѓР»СЏС†РёРё РІРѕР·РґСѓС…Р°, РїСЂРµРґРѕС‚РІСЂР°С‰Р°СЋС‰РёР№ РїРѕСЏРІР»РµРЅРёРµ СЃРєРІРѕР·РЅСЏРєРѕРІ Рё РїРѕР·РІРѕР»СЏСЋС‰РёР№ РїРѕРґРґРµСЂР¶РёРІР°С‚СЊ РєРѕРјС„РѕСЂС‚РЅС‹Рµ СѓСЃР»РѕРІРёСЏ РІ Р»СЋР±РѕРј СЂРµР¶РёРјРµ СЂР°Р±РѕС‚С‹. <br />РЎС‚РёР»СЊРЅС‹Р№ РґРёР·Р°Р№РЅ, РІС‹СЃРѕРєР°СЏ РЅР°РґС‘Р¶РЅРѕСЃС‚СЊ, С€РёСЂРѕРєРёР№ РЅР°Р±РѕСЂ С„СѓРЅРєС†РёР№, СЂРµР¶РёРјРѕРІ РІ СЃРѕС‡РµС‚Р°РЅРёРё СЃ Р»С‘РіРєРѕСЃС‚СЊСЋ СѓРїСЂР°РІР»РµРЅРёСЏ РґРµР»Р°РµС‚ РїСЂРёР±РѕСЂ РѕРґРЅРёРј РёР· Р»СѓС‡С€РёС… РІ СЃРІРѕС‘Рј СЃРµРіРјРµРЅС‚Рµ. <br />Р‘Р»Р°РіРѕРґР°СЂСЏ С„СѓРЅРєС†РёРё IFEEL РєРѕРЅРґРёС†РёРѕРЅРµСЂС‹ СЃРµСЂРёРё Barocco Р±СѓРґСѓС‚ РїРѕРґРґРµСЂР¶РёРІР°С‚СЊ С‚РµРјРїРµСЂР°С‚СѓСЂСѓ РЅРµ С‚РѕР»СЊРєРѕ РІР±Р»РёР·Рё СЃР°РјРѕРіРѕ Р±Р»РѕРєР°, РЅРѕ Рё СЂСЏРґРѕРј СЃ РїСѓР»СЊС‚РѕРј СѓРїСЂР°РІР»РµРЅРёСЏ, С‡С‚Рѕ РїРѕР·РІРѕР»РёС‚ СЃРѕР·РґР°С‚СЊ РєРѕРјС„РѕСЂС‚РЅСѓСЋ С‚РµРјРїРµСЂР°С‚СѓСЂСѓ С‚Р°Рј, РіРґРµ РІС‹ РЅР°С…РѕРґРёС‚РµСЃСЊ.&nbsp;</p>",,1,,Купить RTB-09HN1 Сплит-система Barocco комплект Royal Thermo с доставкой на uralenergotel.ru,Купить RTB-09HN1 Сплит-система Barocco комплект Royal Thermo по низкой цене у официального дилера ТД УЭТ,rtb_09hn1,Уточняйте у менеджера,"Доставка со складов: Екатеринбург, Киржач, Орехово-Зеуво, Лакинск, Петушки",Royal Thermo,Barocco,RTB-09HN1,2.64,Да (с вилкой),Опция доступна при подключении съемного Wi-Fi модуля,Да,34.5,-7,Да,Да,19.27,Да,Гарантийный талон,0.275,100,0.459,43,520,100,Да,0.276,Да,0.822,0.192,9000,5 лет,0.712,0.79,Вертикальное+Горизонтальное,Barocco,23,R410a,,31,"2,78",48,16,2.64,Нет,25,Да,15,Да,A,Нет,Да,5,"1,0 °С",Нет,Да,Да,7,9000,2.64,Да,Да,Да,Да,"2,78",Нет,Да,390,7.5,Да,Да,Да,770,A,22,Да,Да,822,25,2.78,Да,Да,КНР,Да,Да,Да,Да,,Доп.опция,Да,IPX0/IPX4,Да,Да,,A,Да,Стандарт,https://rkcdn.ru/products/45d3cc97-f102-11ee-b8d8-00505601218a/src.jpg,https://rkcdn.ru/products/4be7be11-f102-11ee-b8d8-00505601218a/src.jpg,https://rkcdn.ru/products/4be7be13-f102-11ee-b8d8-00505601218a/src.jpg,https://rkcdn.ru/products/4be7be19-f102-11ee-b8d8-00505601218a/src.jpg,https://rkcdn.ru/products/4be7be17-f102-11ee-b8d8-00505601218a/src.jpg,https://rkcdn.ru/products/4be7be15-f102-11ee-b8d8-00505601218a/src.jpg,https://rkcdn.ru/products/4be7be1d-f102-11ee-b8d8-00505601218a/src.jpg,https://rkcdn.ru/products/4be7be1b-f102-11ee-b8d8-00505601218a/src.jpg
RTPI-12HN8 Сплит-система инверторного типа Perfecto DC комплект Royal Thermo,,RUB,52900.0,1,1,,"<p>Купить RTPI-12HN8 Сплит-система инверторного типа Perfecto DC комплект Royal Thermo из наличия в ТД УЭТ. Доставка со склада в Екатеринбурге во все города России. Цена на RTPI-12HN8 Сплит-система инверторного типа Perfecto DC комплект Royal Thermo актуальна. Для заказа и уточнения дополнительных скидок отправьте запрос по e-mail: sale@uralenergotel.ru. Для постоянных клиентов предусмотрены специальные цены.&nbsp;<br><br>Также вы можете воспользоваться боковым меню справа и выбрать необходимые для вас характеристики, либо подобрать аналогичные товары из наличия у нас на сайте.&nbsp;<br><br>Поставим RTPI-12HN8 Сплит-система инверторного типа Perfecto DC комплект Royal Thermo напрямую со склада в города России: Москва, Санкт-Петербург, Казань, Самара, Екатеринбург, Челябинск, Уфа, Тюмень, Краснодар, Новосибирск, Пермь, Сургут, Омск, Красноярск, Ростов-на-Дону, Нижний Новгород, Волгоград, Чита, Иркутск и т.д.</p><h3>Описание</h3><p>&nbsp;</p><p>Р�РЅРІРµСЂС‚РѕСЂРЅС‹Рµ СЃРїР»РёС‚-СЃРёСЃС‚РµРјС‹ Perfecto DC РѕР±Р»Р°РґР°СЋС‚ РІС‹СЃРѕС‡Р°Р№С€РёРј РєР»Р°СЃСЃРѕРј СЌРЅРµСЂРіРѕСЌС„С„РµРєС‚РёРІРЅРѕСЃС‚Рё SEER A++, Р·Р° СЃС‡С‘С‚ РєРѕС‚РѕСЂРѕРіРѕ РїРѕС‚СЂРµР±Р»РµРЅРёРµ СЌР»РµРєС‚СЂРѕСЌРЅРµСЂРіРёРё Р±СѓРґРµС‚ РјРёРЅРёРјР°Р»СЊРЅС‹Рј. <br />РЎ РЅР°РґС‘Р¶РЅС‹РјРё РєРѕРЅРґРёС†РёРѕРЅРµСЂР°РјРё РёРЅРІРµСЂС‚РѕСЂРЅРѕРіРѕ С‚РёРїР° Perfecto DC РІС‹ СЃРјРѕР¶РµС‚Рµ РЅРµ С‚РѕР»СЊРєРѕ РѕС…Р»Р°Р¶РґР°С‚СЊ РїРѕРјРµС‰РµРЅРёРµ Р»РµС‚РѕРј, РЅРѕ Рё РїРѕРґРґРµСЂР¶РёРІР°С‚СЊ РЅРµРѕР±С…РѕРґРёРјСѓСЋ С‚РµРјРїРµСЂР°С‚СѓСЂСѓ РІ Р·Р°РіРѕСЂРѕРґРЅРѕРј РґРѕРјРµ Р±РµР· С†РµРЅС‚СЂР°Р»СЊРЅРѕРіРѕ РѕС‚РѕРїР»РµРЅРёСЏ Р·РёРјРѕР№. <br />Р‘Р»Р°РіРѕРґР°СЂСЏ С„СѓРЅРєС†РёРё &laquo;Р—Р°С‰РёС‚Р° РґРѕРјР° РѕС‚ Р·Р°РјРµСЂР·Р°РЅРёСЏ&raquo; РєРѕРЅРґРёС†РёРѕРЅРµСЂ Р±СѓРґРµС‚ РїРѕРґРґРµСЂР¶РёРІР°С‚СЊ С‚РµРјРїРµСЂР°С‚СѓСЂСѓ РІРѕР·РґСѓС…Р° +8 &deg;РЎ, С‡С‚Рѕ РїРѕР·РІРѕР»РёС‚ РЅРµ Р·Р°РјРѕСЂРѕР·РёС‚СЊ РїРѕРјРµС‰РµРЅРёРµ Рё РІРѕРґРѕРїСЂРѕРІРѕРґ. <br />Р�РЅРІРµСЂС‚РѕСЂРЅС‹Рµ СЃРїР»РёС‚-СЃРёСЃС‚РµРјС‹ Perfecto DC СЃРїРѕСЃРѕР±РЅС‹ СЂР°Р±РѕС‚Р°С‚СЊ РІ СЂР°СЃС€РёСЂРµРЅРЅРѕРј РґРёР°РїР°Р·РѕРЅРµ РЅР°РїСЂСЏР¶РµРЅРёСЏ 175-264Р’, С‡С‚Рѕ Р°РєС‚СѓР°Р»СЊРЅРѕ РґР»СЏ РґРѕРјРѕРІ Рё СЂР°Р№РѕРЅРѕРІ СЃ С‡Р°СЃС‚С‹РјРё СЃРєР°С‡РєР°РјРё РЅР°РїСЂСЏР¶РµРЅРёСЏ. <br />Р”Р»СЏ Р±РѕР»СЊС€РµР№ Р±РµР·РѕРїР°СЃРЅРѕСЃС‚Рё СЃРїР»РёС‚-СЃРёСЃС‚РµРјС‹ Perfecto РѕСЃРЅР°С‰РµРЅС‹ РґРµС‚РµРєС‚РѕСЂРѕРј СѓС‚РµС‡РєРё С„СЂРµРѕРЅР°, РєРѕС‚РѕСЂС‹Р№ РїСЂРµРґСѓРїСЂРµР¶РґР°РµС‚ РЅРµС€С‚Р°С‚РЅСѓСЋ СЂР°Р±РѕС‚Сѓ СЃРёСЃС‚РµРјС‹ Рё РїСЂРѕРґР»РµРІР°РµС‚ СЃСЂРѕРє СЃР»СѓР¶Р±С‹ РѕР±РѕСЂСѓРґРѕРІР°РЅРёСЏ.</p>",,1,,Купить RTPI-12HN8 Сплит-система инверторного типа Perfecto DC комплект Royal Thermo с доставкой на uralenergotel.ru,Купить RTPI-12HN8 Сплит-система инверторного типа Perfecto DC комплект Royal Thermo по низкой цене у официального дилера ТД УЭТ,rtpi_12hn8,Уточняйте у менеджера,"Доставка со складов: Екатеринбург, Киржач, Орехово-Зеуво, Лакинск, Петушки",Royal Thermo,Perfecto DC,RTPI-12HN8,3.2,Нет,Нет,Да,37,-15,Да,Да,24.56,Да,Гарантийный талон,0.251,100,0.55,50,590,100,Да,0.33,Да,1.3,0.185,12000,5 лет,0.732,0.773,Горизонтальное,Perfecto DC,21,R32,,30,"0,9",51,17,0.9,Нет,35,,20,Да,A++,Нет,Да,10,"1,0 °С",Да,Да,Да,4,12000,3.6,Да,Да,Да,Да,4,Нет,Да,550,8.5,Да,Да,Да,916,A++,25,Да,Да,991,35,3.4,Да,Да,КНР,,,,Да,,,Да,IPX0/IPX4,Да,Да,,A+,Да,Стандарт,https://rkcdn.ru/products/247f315b-cd04-11ee-b8d6-00505601218a/src.jpg,https://rkcdn.ru/products/a561e7b3-9db2-11ee-b8d6-00505601218a/src.jpg,https://rkcdn.ru/products/b1bb53fb-9db2-11ee-b8d6-00505601218a/src.jpg,https://rkcdn.ru/products/ea5269ba-cd04-11ee-b8d6-00505601218a/src.jpg,,,,
RTPI-18HN8 Сплит-система инверторного типа Perfecto DC комплект Royal Thermo,,RUB,82900.0,0,1,,"<p>Купить RTPI-18HN8 Сплит-система инверторного типа Perfecto DC комплект Royal Thermo из наличия в ТД УЭТ. Доставка со склада в Екатеринбурге во все города России. Цена на RTPI-18HN8 Сплит-система инверторного типа Perfecto DC комплект Royal Thermo актуальна. Для заказа и уточнения дополнительных скидок отправьте запрос по e-mail: sale@uralenergotel.ru. Для постоянных клиентов предусмотрены специальные цены.&nbsp;<br><br>Также вы можете воспользоваться боковым меню справа и выбрать необходимые для вас характеристики, либо подобрать аналогичные товары из наличия у нас на сайте.&nbsp;<br><br>Поставим RTPI-18HN8 Сплит-система инверторного типа Perfecto DC комплект Royal Thermo напрямую со склада в города России: Москва, Санкт-Петербург, Казань, Самара, Екатеринбург, Челябинск, Уфа, Тюмень, Краснодар, Новосибирск, Пермь, Сургут, Омск, Красноярск, Ростов-на-Дону, Нижний Новгород, Волгоград, Чита, Иркутск и т.д.</p><h3>Описание</h3><p>&nbsp;</p><p>Р�РЅРІРµСЂС‚РѕСЂРЅС‹Рµ СЃРїР»РёС‚-СЃРёСЃС‚РµРјС‹ Perfecto DC РѕР±Р»Р°РґР°СЋС‚ РІС‹СЃРѕС‡Р°Р№С€РёРј РєР»Р°СЃСЃРѕРј СЌРЅРµСЂРіРѕСЌС„С„РµРєС‚РёРІРЅРѕСЃС‚Рё SEER A++, Р·Р° СЃС‡С‘С‚ РєРѕС‚РѕСЂРѕРіРѕ РїРѕС‚СЂРµР±Р»РµРЅРёРµ СЌР»РµРєС‚СЂРѕСЌРЅРµСЂРіРёРё Р±СѓРґРµС‚ РјРёРЅРёРјР°Р»СЊРЅС‹Рј. <br />РЎ РЅР°РґС‘Р¶РЅС‹РјРё РєРѕРЅРґРёС†РёРѕРЅРµСЂР°РјРё РёРЅРІРµСЂС‚РѕСЂРЅРѕРіРѕ С‚РёРїР° Perfecto DC РІС‹ СЃРјРѕР¶РµС‚Рµ РЅРµ С‚РѕР»СЊРєРѕ РѕС…Р»Р°Р¶РґР°С‚СЊ РїРѕРјРµС‰РµРЅРёРµ Р»РµС‚РѕРј, РЅРѕ Рё РїРѕРґРґРµСЂР¶РёРІР°С‚СЊ РЅРµРѕР±С…РѕРґРёРјСѓСЋ С‚РµРјРїРµСЂР°С‚СѓСЂСѓ РІ Р·Р°РіРѕСЂРѕРґРЅРѕРј РґРѕРјРµ Р±РµР· С†РµРЅС‚СЂР°Р»СЊРЅРѕРіРѕ РѕС‚РѕРїР»РµРЅРёСЏ Р·РёРјРѕР№. <br />Р‘Р»Р°РіРѕРґР°СЂСЏ С„СѓРЅРєС†РёРё &laquo;Р—Р°С‰РёС‚Р° РґРѕРјР° РѕС‚ Р·Р°РјРµСЂР·Р°РЅРёСЏ&raquo; РєРѕРЅРґРёС†РёРѕРЅРµСЂ Р±СѓРґРµС‚ РїРѕРґРґРµСЂР¶РёРІР°С‚СЊ С‚РµРјРїРµСЂР°С‚СѓСЂСѓ РІРѕР·РґСѓС…Р° +8 &deg;РЎ, С‡С‚Рѕ РїРѕР·РІРѕР»РёС‚ РЅРµ Р·Р°РјРѕСЂРѕР·РёС‚СЊ РїРѕРјРµС‰РµРЅРёРµ Рё РІРѕРґРѕРїСЂРѕРІРѕРґ. <br />Р�РЅРІРµСЂС‚РѕСЂРЅС‹Рµ СЃРїР»РёС‚-СЃРёСЃС‚РµРјС‹ Perfecto DC СЃРїРѕСЃРѕР±РЅС‹ СЂР°Р±РѕС‚Р°С‚СЊ РІ СЂР°СЃС€РёСЂРµРЅРЅРѕРј РґРёР°РїР°Р·РѕРЅРµ РЅР°РїСЂСЏР¶РµРЅРёСЏ 175-264Р’, С‡С‚Рѕ Р°РєС‚СѓР°Р»СЊРЅРѕ РґР»СЏ РґРѕРјРѕРІ Рё СЂР°Р№РѕРЅРѕРІ СЃ С‡Р°СЃС‚С‹РјРё СЃРєР°С‡РєР°РјРё РЅР°РїСЂСЏР¶РµРЅРёСЏ. <br />Р”Р»СЏ Р±РѕР»СЊС€РµР№ Р±РµР·РѕРїР°СЃРЅРѕСЃС‚Рё СЃРїР»РёС‚-СЃРёСЃС‚РµРјС‹ Perfecto РѕСЃРЅР°С‰РµРЅС‹ РґРµС‚РµРєС‚РѕСЂРѕРј СѓС‚РµС‡РєРё С„СЂРµРѕРЅР°, РєРѕС‚РѕСЂС‹Р№ РїСЂРµРґСѓРїСЂРµР¶РґР°РµС‚ РЅРµС€С‚Р°С‚РЅСѓСЋ СЂР°Р±РѕС‚Сѓ СЃРёСЃС‚РµРјС‹ Рё РїСЂРѕРґР»РµРІР°РµС‚ СЃСЂРѕРє СЃР»СѓР¶Р±С‹ РѕР±РѕСЂСѓРґРѕРІР°РЅРёСЏ.</p>",,1,,Купить RTPI-18HN8 Сплит-система инверторного типа Perfecto DC комплект Royal Thermo с доставкой на uralenergotel.ru,Купить RTPI-18HN8 Сплит-система инверторного типа Perfecto DC комплект Royal Thermo по низкой цене у официального дилера ТД УЭТ,rtpi_18hn8,Уточняйте у менеджера,"Доставка со складов: Екатеринбург, Киржач, Орехово-Зеуво, Лакинск, Петушки",Royal Thermo,Perfecto DC,RTPI-18HN8,4.6,Нет,Нет,Да,45,-15,Да,Да,28.16,Да,Гарантийный талон,0.3,100,0.555,50,850,100,Да,0.33,Да,1.8,0.225,18000,5 лет,0.732,0.972,Горизонтальное,Perfecto DC,29,R32,,30,"0,7",54,17,1,Нет,50,,25,Да,A++,Нет,Да,10,"1,0 °С",Да,Да,Да,4,18000,5.3,Да,Да,Да,Да,"5,65",Нет,Да,750,13.5,Да,Да,Да,1340,A++,26.5,Да,Да,1355,50,5.2,Да,Да,КНР,,,,Да,,,Да,IPX0/IPX4,Да,Да,,A+,Да,Стандарт,https://rkcdn.ru/products/770cdd33-cd03-11ee-b8d6-00505601218a/src.jpg,https://rkcdn.ru/products/b1bb53fd-9db2-11ee-b8d6-00505601218a/src.jpg,https://rkcdn.ru/products/a561e7b5-9db2-11ee-b8d6-00505601218a/src.jpg,https://rkcdn.ru/products/becff118-cd04-11ee-b8d6-00505601218a/src.jpg,,,,
RTB-12HN1 Сплит-система Barocco комплект Royal Thermo,,RUB,39600.0,1,1,,"<p>Купить RTB-12HN1 Сплит-система Barocco комплект Royal Thermo из наличия в ТД УЭТ. Доставка со склада в Екатеринбурге во все города России. Цена на RTB-12HN1 Сплит-система Barocco комплект Royal Thermo актуальна. Для заказа и уточнения дополнительных скидок отправьте запрос по e-mail: sale@uralenergotel.ru. Для постоянных клиентов предусмотрены специальные цены.&nbsp;<br><br>Также вы можете воспользоваться боковым меню справа и выбрать необходимые для вас характеристики, либо подобрать аналогичные товары из наличия у нас на сайте.&nbsp;<br><br>Поставим RTB-12HN1 Сплит-система Barocco комплект Royal Thermo напрямую со склада в города России: Москва, Санкт-Петербург, Казань, Самара, Екатеринбург, Челябинск, Уфа, Тюмень, Краснодар, Новосибирск, Пермь, Сургут, Омск, Красноярск, Ростов-на-Дону, Нижний Новгород, Волгоград, Чита, Иркутск и т.д.</p><h3>Описание</h3><p>&nbsp;</p><p>РЎРїР»РёС‚-СЃРёСЃС‚РµРјС‹ Royal Thermo Barocco РѕР±РµСЃРїРµС‡Р°С‚ РЅР°РґС‘Р¶РЅСѓСЋ СЂР°Р±РѕС‚Сѓ РІ Р»СЋР±С‹С… СѓСЃР»РѕРІРёСЏС….<br />РљРѕРЅРґРёС†РёРѕРЅРµСЂС‹ СЃРµСЂРёРё Barocco РѕСЃРЅР°С‰РµРЅС‹ Р°РІС‚РѕРјР°С‚РёС‡РµСЃРєРёРјРё РІРµСЂС‚РёРєР°Р»СЊРЅС‹РјРё Рё РіРѕСЂРёР·РѕРЅС‚Р°Р»СЊРЅС‹РјРё Р¶Р°Р»СЋР·Рё, С‡С‚Рѕ СЃРѕР·РґР°С‘С‚ СЌС„С„РµРєС‚ РµСЃС‚РµСЃС‚РІРµРЅРЅРѕР№ С†РёСЂРєСѓР»СЏС†РёРё РІРѕР·РґСѓС…Р°, РїСЂРµРґРѕС‚РІСЂР°С‰Р°СЋС‰РёР№ РїРѕСЏРІР»РµРЅРёРµ СЃРєРІРѕР·РЅСЏРєРѕРІ Рё РїРѕР·РІРѕР»СЏСЋС‰РёР№ РїРѕРґРґРµСЂР¶РёРІР°С‚СЊ РєРѕРјС„РѕСЂС‚РЅС‹Рµ СѓСЃР»РѕРІРёСЏ РІ Р»СЋР±РѕРј СЂРµР¶РёРјРµ СЂР°Р±РѕС‚С‹. <br />РЎС‚РёР»СЊРЅС‹Р№ РґРёР·Р°Р№РЅ, РІС‹СЃРѕРєР°СЏ РЅР°РґС‘Р¶РЅРѕСЃС‚СЊ, С€РёСЂРѕРєРёР№ РЅР°Р±РѕСЂ С„СѓРЅРєС†РёР№, СЂРµР¶РёРјРѕРІ РІ СЃРѕС‡РµС‚Р°РЅРёРё СЃ Р»С‘РіРєРѕСЃС‚СЊСЋ СѓРїСЂР°РІР»РµРЅРёСЏ РґРµР»Р°РµС‚ РїСЂРёР±РѕСЂ РѕРґРЅРёРј РёР· Р»СѓС‡С€РёС… РІ СЃРІРѕС‘Рј СЃРµРіРјРµРЅС‚Рµ. <br />Р‘Р»Р°РіРѕРґР°СЂСЏ С„СѓРЅРєС†РёРё IFEEL РєРѕРЅРґРёС†РёРѕРЅРµСЂС‹ СЃРµСЂРёРё Barocco Р±СѓРґСѓС‚ РїРѕРґРґРµСЂР¶РёРІР°С‚СЊ С‚РµРјРїРµСЂР°С‚СѓСЂСѓ РЅРµ С‚РѕР»СЊРєРѕ РІР±Р»РёР·Рё СЃР°РјРѕРіРѕ Р±Р»РѕРєР°, РЅРѕ Рё СЂСЏРґРѕРј СЃ РїСѓР»СЊС‚РѕРј СѓРїСЂР°РІР»РµРЅРёСЏ, С‡С‚Рѕ РїРѕР·РІРѕР»РёС‚ СЃРѕР·РґР°С‚СЊ РєРѕРјС„РѕСЂС‚РЅСѓСЋ С‚РµРјРїРµСЂР°С‚СѓСЂСѓ С‚Р°Рј, РіРґРµ РІС‹ РЅР°С…РѕРґРёС‚РµСЃСЊ.&nbsp;</p>",,1,,Купить RTB-12HN1 Сплит-система Barocco комплект Royal Thermo с доставкой на uralenergotel.ru,Купить RTB-12HN1 Сплит-система Barocco комплект Royal Thermo по низкой цене у официального дилера ТД УЭТ,rtb_12hn1,Уточняйте у менеджера,"Доставка со складов: Екатеринбург, Киржач, Орехово-Зеуво, Лакинск, Петушки",Royal Thermo,Barocco,RTB-12HN1,3.52,Да (с вилкой),Опция доступна при подключении съемного Wi-Fi модуля,Да,37.5,-7,Да,Да,21.69,Да,Гарантийный талон,0.275,100,0.498,43,520,100,Да,0.29,Да,1.095,0.192,12000,5 лет,0.777,0.79,Вертикальное+Горизонтальное,Barocco,23,R410a,,31,"3,66",50,16,3.52,Нет,35,Да,15,Да,A,Нет,Да,5,"1,0 °С",Нет,Да,Да,7,12000,3.52,Да,Да,Да,Да,"3,66",Нет,Да,620,8.5,Да,Да,Да,1013,A,24,Да,Да,1095,35,3.66,Да,Да,КНР,Да,Да,Да,Да,,Доп.опция,Да,IPX0/IPX4,Да,Да,,A,Да,Стандарт,https://rkcdn.ru/products/4be7be27-f102-11ee-b8d8-00505601218a/src.jpg,https://rkcdn.ru/products/525f9bff-f102-11ee-b8d8-00505601218a/src.jpg,https://rkcdn.ru/products/525f9c01-f102-11ee-b8d8-00505601218a/src.jpg,https://rkcdn.ru/products/525f9c03-f102-11ee-b8d8-00505601218a/src.jpg,https://rkcdn.ru/products/525f9c05-f102-11ee-b8d8-00505601218a/src.jpg,https://rkcdn.ru/products/525f9c07-f102-11ee-b8d8-00505601218a/src.jpg,https://rkcdn.ru/products/4be7be23-f102-11ee-b8d8-00505601218a/src.jpg,https://rkcdn.ru/products/4be7be25-f102-11ee-b8d8-00505601218a/src.jpg
RTSI-24HN8 Сплит-система инверторного типа Siena DC комплект Royal Thermo,,RUB,98200.0,1,1,,"<p>Купить RTSI-24HN8 Сплит-система инверторного типа Siena DC комплект Royal Thermo из наличия в ТД УЭТ. Доставка со склада в Екатеринбурге во все города России. Цена на RTSI-24HN8 Сплит-система инверторного типа Siena DC комплект Royal Thermo актуальна. Для заказа и уточнения дополнительных скидок отправьте запрос по e-mail: sale@uralenergotel.ru. Для постоянных клиентов предусмотрены специальные цены.&nbsp;<br><br>Также вы можете воспользоваться боковым меню справа и выбрать необходимые для вас характеристики, либо подобрать аналогичные товары из наличия у нас на сайте.&nbsp;<br><br>Поставим RTSI-24HN8 Сплит-система инверторного типа Siena DC комплект Royal Thermo напрямую со склада в города России: Москва, Санкт-Петербург, Казань, Самара, Екатеринбург, Челябинск, Уфа, Тюмень, Краснодар, Новосибирск, Пермь, Сургут, Омск, Красноярск, Ростов-на-Дону, Нижний Новгород, Волгоград, Чита, Иркутск и т.д.</p><h3>Описание</h3><p>&nbsp;</p>",,1,,Купить RTSI-24HN8 Сплит-система инверторного типа Siena DC комплект Royal Thermo с доставкой на uralenergotel.ru,Купить RTSI-24HN8 Сплит-система инверторного типа Siena DC комплект Royal Thermo по низкой цене у официального дилера ТД УЭТ,rtsi_24hn8,Уточняйте у менеджера,"Доставка со складов: Екатеринбург, Киржач, Орехово-Зеуво, Лакинск, Петушки",Royal Thermo,Siena DC,RTSI-24HN8,7.04,Нет,Опция доступна при подключении съемного Wi-Fi модуля,Да,61.7,-15,Да,Да,43.59,Да,Гарантийный талон,0.327,100,0.673,50,980,100,Да,0.342,Да,3.15,0.22,24000,5 лет,0.89,1.04,Горизонтальное,Siena DC,36,R32,,30,"1,61",59,17,2.08,Нет,60,Да,50,Да,C,Нет,Да,25,"1,0 °С",Да,Да,Да,4,24000,7.92,Да,Да,Да,Да,"7,91",Нет,Да,1420,12.3,Да,Да,Да,2282,C,42.9,Да,Да,2503,60,7.33,Да,Да,КНР,Да,Да,Да,Нет,,Доп.опция,Да,IPX0/IP24,Нет,Да,,C,Да,,https://rkcdn.ru/products/32d2d3d1-9dbc-11ee-b8d6-00505601218a/src.jpg,https://rkcdn.ru/products/1cee5385-9dbc-11ee-b8d6-00505601218a/src.jpg,https://rkcdn.ru/products/2816d2e3-9dbc-11ee-b8d6-00505601218a/src.jpg,https://rkcdn.ru/products/3e317397-9dbc-11ee-b8d6-00505601218a/src.jpg,,,,
RTS-09HN1 Сплит-система Siena комплект Royal Thermo,,RUB,28900.0,1,1,,"<p>Купить RTS-09HN1 Сплит-система Siena комплект Royal Thermo из наличия в ТД УЭТ. Доставка со склада в Екатеринбурге во все города России. Цена на RTS-09HN1 Сплит-система Siena комплект Royal Thermo актуальна. Для заказа и уточнения дополнительных скидок отправьте запрос по e-mail: sale@uralenergotel.ru. Для постоянных клиентов предусмотрены специальные цены.&nbsp;<br><br>Также вы можете воспользоваться боковым меню справа и выбрать необходимые для вас характеристики, либо подобрать аналогичные товары из наличия у нас на сайте.&nbsp;<br><br>Поставим RTS-09HN1 Сплит-система Siena комплект Royal Thermo напрямую со склада в города России: Москва, Санкт-Петербург, Казань, Самара, Екатеринбург, Челябинск, Уфа, Тюмень, Краснодар, Новосибирск, Пермь, Сургут, Омск, Красноярск, Ростов-на-Дону, Нижний Новгород, Волгоград, Чита, Иркутск и т.д.</p><h3>Описание</h3><p>&nbsp;</p><p>РЎРїР»РёС‚-СЃРёСЃС‚РµРјС‹ Siena &ndash; СЌС‚Рѕ СѓРґР°С‡РЅРѕРµ СЃРѕС‡РµС‚Р°РЅРёРµ СЌР»РµРіР°РЅС‚РЅРѕСЃС‚Рё Рё СЃРѕРІСЂРµРјРµРЅРЅС‹С… С‚РµС…РЅРѕР»РѕРіРёР№.<br /> РљРѕРЅРґРёС†РёРѕРЅРµСЂС‹ Siena РѕР±РµСЃРїРµС‡РµРЅС‹ РІСЃРµРјРё РЅРµРѕР±С…РѕРґРёРјС‹РјРё СЂРµР¶РёРјР°РјРё (РѕС…Р»Р°Р¶РґРµРЅРёРµ, РѕР±РѕРіСЂРµРІ, РѕСЃСѓС€РµРЅРёРµ, РІРµРЅС‚РёР»СЏС†РёСЏ) Рё С€РёСЂРѕРєРёРј РЅР°Р±РѕСЂРѕРј С„СѓРЅРєС†РёР№: СЃР°РјРѕРѕС‡РёСЃС‚РєР°, Р°РІС‚РѕСЂРµСЃС‚Р°СЂС‚ Рё РЅРѕС‡РЅРѕР№ СЂРµР¶РёРј.<br /> РўРµС…РЅРѕР»РѕРіРёС‡РµСЃРєРѕРµ Рё РєРѕРЅСЃС‚СЂСѓРєС‚РёРІРЅРѕРµ РїСЂРµРёРјСѓС‰РµСЃС‚РІРѕ СЌС‚РѕР№ СЃРµСЂРёРё &ndash; Р°РЅС‚РёРєРѕСЂСЂРѕР·РёР№РЅРѕРµ РїРѕРєСЂС‹С‚РёРµ С‚РµРїР»РѕРѕР±РјРµРЅРЅРёРєР° Golden Fin, Р·Р°С‰РёС‰Р°СЋС‰РµРµ РєРѕРЅРґРёС†РёРѕРЅРµСЂ РѕС‚ РїР°РіСѓР±РЅС‹С… РІРѕР·РґРµР№СЃС‚РІРёР№ РІРЅРµС€РЅРµР№ СЃСЂРµРґС‹.&nbsp;</p>",,1,,Купить RTS-09HN1 Сплит-система Siena комплект Royal Thermo с доставкой на uralenergotel.ru,Купить RTS-09HN1 Сплит-система Siena комплект Royal Thermo по низкой цене у официального дилера ТД УЭТ,rts_09hn1,Уточняйте у менеджера,"Доставка со складов: Екатеринбург, Киржач, Орехово-Зеуво, Лакинск, Петушки",Royal Thermo,Siena,RTS-09HN1,2.78,Да (с вилкой),Нет,Да,38,-7,Да,Да,21.21,Да,Гарантийный талон,0.285,100,0.495,43,520,100,Да,0.27,Да,0.867,0.194,9500,5 лет,0.72,0.715,Горизонтальное,Siena,28,R410a,,30,"2,79",54,17,2.78,Нет,25,,20,Да,A,Нет,Да,8,"1,0 °С",Нет,Да,Да,4,9000,2.78,Да,Да,Да,Да,"2,78",Нет,Да,700,7.7,Да,Да,Да,771,A,26.4,Да,Да,867,25,2.78,Да,Да,КНР,,,,Нет,,,Да,IPX0/IP24,,Да,,A,Да,Стандарт,https://rkcdn.ru/products/f87ef92d-9db7-11ee-b8d6-00505601218a/src.jpg,https://rkcdn.ru/products/0c7407dd-9db8-11ee-b8d6-00505601218a/src.jpg,https://rkcdn.ru/products/ebff1e1f-9db7-11ee-b8d6-00505601218a/src.jpg,https://rkcdn.ru/products/02bf2e09-9db8-11ee-b8d6-00505601218a/src.jpg,,,,
RTPI-09HN8 Сплит-система инверторного типа Perfecto DC комплект Royal Thermo,,RUB,46900.0,0,1,,"<p>Купить RTPI-09HN8 Сплит-система инверторного типа Perfecto DC комплект Royal Thermo из наличия в ТД УЭТ. Доставка со склада в Екатеринбурге во все города России. Цена на RTPI-09HN8 Сплит-система инверторного типа Perfecto DC комплект Royal Thermo актуальна. Для заказа и уточнения дополнительных скидок отправьте запрос по e-mail: sale@uralenergotel.ru. Для постоянных клиентов предусмотрены специальные цены.&nbsp;<br><br>Также вы можете воспользоваться боковым меню справа и выбрать необходимые для вас характеристики, либо подобрать аналогичные товары из наличия у нас на сайте.&nbsp;<br><br>Поставим RTPI-09HN8 Сплит-система инверторного типа Perfecto DC комплект Royal Thermo напрямую со склада в города России: Москва, Санкт-Петербург, Казань, Самара, Екатеринбург, Челябинск, Уфа, Тюмень, Краснодар, Новосибирск, Пермь, Сургут, Омск, Красноярск, Ростов-на-Дону, Нижний Новгород, Волгоград, Чита, Иркутск и т.д.</p><h3>Описание</h3><p>&nbsp;</p><p>Р�РЅРІРµСЂС‚РѕСЂРЅС‹Рµ СЃРїР»РёС‚-СЃРёСЃС‚РµРјС‹ Perfecto DC РѕР±Р»Р°РґР°СЋС‚ РІС‹СЃРѕС‡Р°Р№С€РёРј РєР»Р°СЃСЃРѕРј СЌРЅРµСЂРіРѕСЌС„С„РµРєС‚РёРІРЅРѕСЃС‚Рё SEER A++, Р·Р° СЃС‡С‘С‚ РєРѕС‚РѕСЂРѕРіРѕ РїРѕС‚СЂРµР±Р»РµРЅРёРµ СЌР»РµРєС‚СЂРѕСЌРЅРµСЂРіРёРё Р±СѓРґРµС‚ РјРёРЅРёРјР°Р»СЊРЅС‹Рј. <br />РЎ РЅР°РґС‘Р¶РЅС‹РјРё РєРѕРЅРґРёС†РёРѕРЅРµСЂР°РјРё РёРЅРІРµСЂС‚РѕСЂРЅРѕРіРѕ С‚РёРїР° Perfecto DC РІС‹ СЃРјРѕР¶РµС‚Рµ РЅРµ С‚РѕР»СЊРєРѕ РѕС…Р»Р°Р¶РґР°С‚СЊ РїРѕРјРµС‰РµРЅРёРµ Р»РµС‚РѕРј, РЅРѕ Рё РїРѕРґРґРµСЂР¶РёРІР°С‚СЊ РЅРµРѕР±С…РѕРґРёРјСѓСЋ С‚РµРјРїРµСЂР°С‚СѓСЂСѓ РІ Р·Р°РіРѕСЂРѕРґРЅРѕРј РґРѕРјРµ Р±РµР· С†РµРЅС‚СЂР°Р»СЊРЅРѕРіРѕ РѕС‚РѕРїР»РµРЅРёСЏ Р·РёРјРѕР№. <br />Р‘Р»Р°РіРѕРґР°СЂСЏ С„СѓРЅРєС†РёРё &laquo;Р—Р°С‰РёС‚Р° РґРѕРјР° РѕС‚ Р·Р°РјРµСЂР·Р°РЅРёСЏ&raquo; РєРѕРЅРґРёС†РёРѕРЅРµСЂ Р±СѓРґРµС‚ РїРѕРґРґРµСЂР¶РёРІР°С‚СЊ С‚РµРјРїРµСЂР°С‚СѓСЂСѓ РІРѕР·РґСѓС…Р° +8 &deg;РЎ, С‡С‚Рѕ РїРѕР·РІРѕР»РёС‚ РЅРµ Р·Р°РјРѕСЂРѕР·РёС‚СЊ РїРѕРјРµС‰РµРЅРёРµ Рё РІРѕРґРѕРїСЂРѕРІРѕРґ. <br />Р�РЅРІРµСЂС‚РѕСЂРЅС‹Рµ СЃРїР»РёС‚-СЃРёСЃС‚РµРјС‹ Perfecto DC СЃРїРѕСЃРѕР±РЅС‹ СЂР°Р±РѕС‚Р°С‚СЊ РІ СЂР°СЃС€РёСЂРµРЅРЅРѕРј РґРёР°РїР°Р·РѕРЅРµ РЅР°РїСЂСЏР¶РµРЅРёСЏ 175-264Р’, С‡С‚Рѕ Р°РєС‚СѓР°Р»СЊРЅРѕ РґР»СЏ РґРѕРјРѕРІ Рё СЂР°Р№РѕРЅРѕРІ СЃ С‡Р°СЃС‚С‹РјРё СЃРєР°С‡РєР°РјРё РЅР°РїСЂСЏР¶РµРЅРёСЏ. <br />Р”Р»СЏ Р±РѕР»СЊС€РµР№ Р±РµР·РѕРїР°СЃРЅРѕСЃС‚Рё СЃРїР»РёС‚-СЃРёСЃС‚РµРјС‹ Perfecto РѕСЃРЅР°С‰РµРЅС‹ РґРµС‚РµРєС‚РѕСЂРѕРј СѓС‚РµС‡РєРё С„СЂРµРѕРЅР°, РєРѕС‚РѕСЂС‹Р№ РїСЂРµРґСѓРїСЂРµР¶РґР°РµС‚ РЅРµС€С‚Р°С‚РЅСѓСЋ СЂР°Р±РѕС‚Сѓ СЃРёСЃС‚РµРјС‹ Рё РїСЂРѕРґР»РµРІР°РµС‚ СЃСЂРѕРє СЃР»СѓР¶Р±С‹ РѕР±РѕСЂСѓРґРѕРІР°РЅРёСЏ.</p>",,1,,Купить RTPI-09HN8 Сплит-система инверторного типа Perfecto DC комплект Royal Thermo с доставкой на uralenergotel.ru,Купить RTPI-09HN8 Сплит-система инверторного типа Perfecto DC комплект Royal Thermo по низкой цене у официального дилера ТД УЭТ,rtpi_09hn8,Уточняйте у менеджера,"Доставка со складов: Екатеринбург, Киржач, Орехово-Зеуво, Лакинск, Петушки",Royal Thermo,Perfecto DC,RTPI-09HN8,2.5,Нет,Нет,Да,36,-15,Да,Да,24,Да,Гарантийный талон,0.251,100,0.55,50,500,100,Да,0.33,Да,1.3,0.185,9000,5 лет,0.732,0.696,Горизонтальное,Perfecto DC,20,R32,,30,"0,5",49,17,0.5,Нет,25,,15,Да,A++,Нет,Да,10,"1,0 °С",Да,Да,Да,4,9000,3.25,Да,Да,Да,Да,"3,5",Нет,Да,500,7.5,Да,Да,Да,750,A++,25,Да,Да,720,25,2.8,Да,Да,КНР,,,,Да,,,Да,IPX0/IPX4,Да,Да,,A+,Да,Стандарт,https://rkcdn.ru/products/15ea9219-cd05-11ee-b8d6-00505601218a/src.jpg,https://rkcdn.ru/products/fde6d007-cd03-11ee-b8d6-00505601218a/src.jpg,https://rkcdn.ru/products/b1bb53f9-9db2-11ee-b8d6-00505601218a/src.jpg,https://rkcdn.ru/products/a561e7b1-9db2-11ee-b8d6-00505601218a/src.jpg,,,,
RTBI-18HN8/white Сплит-система инверторного типа Barocco DC комплект Royal Thermo,,RUB,82900.0,0,1,,"<p>Купить RTBI-18HN8/white Сплит-система инверторного типа Barocco DC комплект Royal Thermo из наличия в ТД УЭТ. Доставка со склада в Екатеринбурге во все города России. Цена на RTBI-18HN8/white Сплит-система инверторного типа Barocco DC комплект Royal Thermo актуальна. Для заказа и уточнения дополнительных скидок отправьте запрос по e-mail: sale@uralenergotel.ru. Для постоянных клиентов предусмотрены специальные цены.&nbsp;<br><br>Также вы можете воспользоваться боковым меню справа и выбрать необходимые для вас характеристики, либо подобрать аналогичные товары из наличия у нас на сайте.&nbsp;<br><br>Поставим RTBI-18HN8/white Сплит-система инверторного типа Barocco DC комплект Royal Thermo напрямую со склада в города России: Москва, Санкт-Петербург, Казань, Самара, Екатеринбург, Челябинск, Уфа, Тюмень, Краснодар, Новосибирск, Пермь, Сургут, Омск, Красноярск, Ростов-на-Дону, Нижний Новгород, Волгоград, Чита, Иркутск и т.д.</p><h3>Описание</h3><p>&nbsp;</p>",,1,,Купить RTBI-18HN8/white Сплит-система инверторного типа Barocco DC комплект Royal Thermo с доставкой на uralenergotel.ru,Купить RTBI-18HN8/white Сплит-система инверторного типа Barocco DC комплект Royal Thermo по низкой цене у официального дилера ТД УЭТ,rtbi_18hn8_white,Уточняйте у менеджера,"Доставка со складов: Екатеринбург, Киржач, Орехово-Зеуво, Лакинск, Петушки",Royal Thermo,Barocco DC White,RTBI-18HN8/white,5.1,Нет,Опция доступна при подключении съемного Wi-Fi модуля,Да,51,-20,Да,Да,31.49,Да,Гарантийный талон,0.306,100,0.602,53,820,100,Да,0.349,Да,2.35,0.195,18000,5 лет,0.853,0.92,Вертикальное+Горизонтальное,Barocco DC White,28,R32,Да,31,"1,25",54,16,1.25,Нет,50,Да,25,Да,A++,Да,Да,10,"1,0 °С",Да,Да,Да,7,18000,5.9,Да,Да,Да,Да,"6,08",Нет,Да,1000,11,Да,Да,Да,1382,A++,31,Да,Да,1574,50,5.13,Да,Да,КНР,Да,Да,Да,Да,Да,Доп.опция,Да,IPX0/IPX4,Да,Да,Да,A+,Да,Стандарт,https://rkcdn.ru/products/bba63004-9e74-11ee-b8d6-00505601218a/src.jpg,https://rkcdn.ru/products/e856ed3e-9e74-11ee-b8d6-00505601218a/src.jpg,https://rkcdn.ru/products/dd14467f-9e74-11ee-b8d6-00505601218a/src.jpg,https://rkcdn.ru/products/d2560ec3-9e74-11ee-b8d6-00505601218a/src.jpg,https://rkcdn.ru/products/c754d3ba-9e74-11ee-b8d6-00505601218a/src.jpg,,,
RTBI-09HN8/black Сплит-система инверторного типа Barocco DC комплект Royal Thermo,,RUB,46900.0,1,1,,"<p>Купить RTBI-09HN8/black Сплит-система инверторного типа Barocco DC комплект Royal Thermo из наличия в ТД УЭТ. Доставка со склада в Екатеринбурге во все города России. Цена на RTBI-09HN8/black Сплит-система инверторного типа Barocco DC комплект Royal Thermo актуальна. Для заказа и уточнения дополнительных скидок отправьте запрос по e-mail: sale@uralenergotel.ru. Для постоянных клиентов предусмотрены специальные цены.&nbsp;<br><br>Также вы можете воспользоваться боковым меню справа и выбрать необходимые для вас характеристики, либо подобрать аналогичные товары из наличия у нас на сайте.&nbsp;<br><br>Поставим RTBI-09HN8/black Сплит-система инверторного типа Barocco DC комплект Royal Thermo напрямую со склада в города России: Москва, Санкт-Петербург, Казань, Самара, Екатеринбург, Челябинск, Уфа, Тюмень, Краснодар, Новосибирск, Пермь, Сургут, Омск, Красноярск, Ростов-на-Дону, Нижний Новгород, Волгоград, Чита, Иркутск и т.д.</p><h3>Описание</h3><p>&nbsp;</p>",,1,,Купить RTBI-09HN8/black Сплит-система инверторного типа Barocco DC комплект Royal Thermo с доставкой на uralenergotel.ru,Купить RTBI-09HN8/black Сплит-система инверторного типа Barocco DC комплект Royal Thermo по низкой цене у официального дилера ТД УЭТ,rtbi_09hn8_black,Уточняйте у менеджера,"Доставка со складов: Екатеринбург, Киржач, Орехово-Зеуво, Лакинск, Петушки",Royal Thermo,Barocco DC Black,RTBI-09HN8/black,2.6,Нет,Опция доступна при подключении съемного Wi-Fi модуля,Да,36,-20,Да,Да,19.27,Да,Гарантийный талон,0.275,100,0.459,53,560,100,Да,0.276,Да,1.38,0.192,9000,5 лет,0.712,0.79,Вертикальное+Горизонтальное,Barocco DC Black,19,R32,Да,31,"0,94",49,16,0.94,Нет,25,Да,25,Да,A++,Да,Да,10,"1,0 °С",Да,Да,Да,7,9000,3.3,Да,Да,Да,Да,"3,36",Нет,Да,490,8,Да,Да,Да,767,A++,22,Да,Да,825,25,2.63,Да,Да,КНР,Да,Да,Да,Да,Да,Доп.опция,Да,IPX0/IPX4,Да,Да,Да,A+,Да,Стандарт,https://rkcdn.ru/products/807b6e14-9e76-11ee-b8d6-00505601218a/src.jpg,https://rkcdn.ru/products/afddd6a5-9e76-11ee-b8d6-00505601218a/src.jpg,https://rkcdn.ru/products/88d6b159-9e76-11ee-b8d6-00505601218a/src.jpg,https://rkcdn.ru/products/9b349e36-9e76-11ee-b8d6-00505601218a/src.jpg,https://rkcdn.ru/products/a4aa2978-9e76-11ee-b8d6-00505601218a/src.jpg,,,
RTSI-12HN8 Сплит-система инверторного типа Siena DC комплект Royal Thermo,,RUB,46200.0,1,1,,"<p>Купить RTSI-12HN8 Сплит-система инверторного типа Siena DC комплект Royal Thermo из наличия в ТД УЭТ. Доставка со склада в Екатеринбурге во все города России. Цена на RTSI-12HN8 Сплит-система инверторного типа Siena DC комплект Royal Thermo актуальна. Для заказа и уточнения дополнительных скидок отправьте запрос по e-mail: sale@uralenergotel.ru. Для постоянных клиентов предусмотрены специальные цены.&nbsp;<br><br>Также вы можете воспользоваться боковым меню справа и выбрать необходимые для вас характеристики, либо подобрать аналогичные товары из наличия у нас на сайте.&nbsp;<br><br>Поставим RTSI-12HN8 Сплит-система инверторного типа Siena DC комплект Royal Thermo напрямую со склада в города России: Москва, Санкт-Петербург, Казань, Самара, Екатеринбург, Челябинск, Уфа, Тюмень, Краснодар, Новосибирск, Пермь, Сургут, Омск, Красноярск, Ростов-на-Дону, Нижний Новгород, Волгоград, Чита, Иркутск и т.д.</p><h3>Описание</h3><p>&nbsp;</p>",,1,,Купить RTSI-12HN8 Сплит-система инверторного типа Siena DC комплект Royal Thermo с доставкой на uralenergotel.ru,Купить RTSI-12HN8 Сплит-система инверторного типа Siena DC комплект Royal Thermo по низкой цене у официального дилера ТД УЭТ,rtsi_12hn8,Уточняйте у менеджера,"Доставка со складов: Екатеринбург, Киржач, Орехово-Зеуво, Лакинск, Петушки",Royal Thermo,Siena DC,RTSI-12HN8,3.61,Да (с вилкой),Опция доступна при подключении съемного Wi-Fi модуля,Да,32.8,-15,Да,Да,21.21,Да,Гарантийный талон,0.285,100,0.495,50,520,100,Да,0.27,Да,1.22,0.194,12000,5 лет,0.72,0.715,Вертикальное+Горизонтальное,Siena DC,24,R32,,30,"1,06",56,17,1.29,Нет,35,Да,25,Да,A,Нет,Да,10,"1,0 °С",Да,Да,Да,4,12000,3.78,Да,Да,Да,Да,"4,05",Нет,Да,580,7.5,Да,Да,Да,1028,A,21.4,Да,Да,1123,35,3.71,Да,Да,КНР,Да,Да,Да,Нет,,Доп.опция,Да,IPX0/IP24,Нет,Да,,A,Да,,https://rkcdn.ru/products/1cee5381-9dbc-11ee-b8d6-00505601218a/src.jpg,https://rkcdn.ru/products/2816d2df-9dbc-11ee-b8d6-00505601218a/src.jpg,https://rkcdn.ru/products/32d2d3cd-9dbc-11ee-b8d6-00505601218a/src.jpg,https://rkcdn.ru/products/3e317393-9dbc-11ee-b8d6-00505601218a/src.jpg,,,,
RTB-24HN1 Сплит-система Barocco комплект Royal Thermo,,RUB,81300.0,1,1,,"<p>Купить RTB-24HN1 Сплит-система Barocco комплект Royal Thermo из наличия в ТД УЭТ. Доставка со склада в Екатеринбурге во все города России. Цена на RTB-24HN1 Сплит-система Barocco комплект Royal Thermo актуальна. Для заказа и уточнения дополнительных скидок отправьте запрос по e-mail: sale@uralenergotel.ru. Для постоянных клиентов предусмотрены специальные цены.&nbsp;<br><br>Также вы можете воспользоваться боковым меню справа и выбрать необходимые для вас характеристики, либо подобрать аналогичные товары из наличия у нас на сайте.&nbsp;<br><br>Поставим RTB-24HN1 Сплит-система Barocco комплект Royal Thermo напрямую со склада в города России: Москва, Санкт-Петербург, Казань, Самара, Екатеринбург, Челябинск, Уфа, Тюмень, Краснодар, Новосибирск, Пермь, Сургут, Омск, Красноярск, Ростов-на-Дону, Нижний Новгород, Волгоград, Чита, Иркутск и т.д.</p><h3>Описание</h3><p>&nbsp;</p><p>РЎРїР»РёС‚-СЃРёСЃС‚РµРјС‹ Royal Thermo Barocco РѕР±РµСЃРїРµС‡Р°С‚ РЅР°РґС‘Р¶РЅСѓСЋ СЂР°Р±РѕС‚Сѓ РІ Р»СЋР±С‹С… СѓСЃР»РѕРІРёСЏС….<br />РљРѕРЅРґРёС†РёРѕРЅРµСЂС‹ СЃРµСЂРёРё Barocco РѕСЃРЅР°С‰РµРЅС‹ Р°РІС‚РѕРјР°С‚РёС‡РµСЃРєРёРјРё РІРµСЂС‚РёРєР°Р»СЊРЅС‹РјРё Рё РіРѕСЂРёР·РѕРЅС‚Р°Р»СЊРЅС‹РјРё Р¶Р°Р»СЋР·Рё, С‡С‚Рѕ СЃРѕР·РґР°С‘С‚ СЌС„С„РµРєС‚ РµСЃС‚РµСЃС‚РІРµРЅРЅРѕР№ С†РёСЂРєСѓР»СЏС†РёРё РІРѕР·РґСѓС…Р°, РїСЂРµРґРѕС‚РІСЂР°С‰Р°СЋС‰РёР№ РїРѕСЏРІР»РµРЅРёРµ СЃРєРІРѕР·РЅСЏРєРѕРІ Рё РїРѕР·РІРѕР»СЏСЋС‰РёР№ РїРѕРґРґРµСЂР¶РёРІР°С‚СЊ РєРѕРјС„РѕСЂС‚РЅС‹Рµ СѓСЃР»РѕРІРёСЏ РІ Р»СЋР±РѕРј СЂРµР¶РёРјРµ СЂР°Р±РѕС‚С‹. <br />РЎС‚РёР»СЊРЅС‹Р№ РґРёР·Р°Р№РЅ, РІС‹СЃРѕРєР°СЏ РЅР°РґС‘Р¶РЅРѕСЃС‚СЊ, С€РёСЂРѕРєРёР№ РЅР°Р±РѕСЂ С„СѓРЅРєС†РёР№, СЂРµР¶РёРјРѕРІ РІ СЃРѕС‡РµС‚Р°РЅРёРё СЃ Р»С‘РіРєРѕСЃС‚СЊСЋ СѓРїСЂР°РІР»РµРЅРёСЏ РґРµР»Р°РµС‚ РїСЂРёР±РѕСЂ РѕРґРЅРёРј РёР· Р»СѓС‡С€РёС… РІ СЃРІРѕС‘Рј СЃРµРіРјРµРЅС‚Рµ. <br />Р‘Р»Р°РіРѕРґР°СЂСЏ С„СѓРЅРєС†РёРё IFEEL РєРѕРЅРґРёС†РёРѕРЅРµСЂС‹ СЃРµСЂРёРё Barocco Р±СѓРґСѓС‚ РїРѕРґРґРµСЂР¶РёРІР°С‚СЊ С‚РµРјРїРµСЂР°С‚СѓСЂСѓ РЅРµ С‚РѕР»СЊРєРѕ РІР±Р»РёР·Рё СЃР°РјРѕРіРѕ Р±Р»РѕРєР°, РЅРѕ Рё СЂСЏРґРѕРј СЃ РїСѓР»СЊС‚РѕРј СѓРїСЂР°РІР»РµРЅРёСЏ, С‡С‚Рѕ РїРѕР·РІРѕР»РёС‚ СЃРѕР·РґР°С‚СЊ РєРѕРјС„РѕСЂС‚РЅСѓСЋ С‚РµРјРїРµСЂР°С‚СѓСЂСѓ С‚Р°Рј, РіРґРµ РІС‹ РЅР°С…РѕРґРёС‚РµСЃСЊ.&nbsp;</p>",,1,,Купить RTB-24HN1 Сплит-система Barocco комплект Royal Thermo с доставкой на uralenergotel.ru,Купить RTB-24HN1 Сплит-система Barocco комплект Royal Thermo по низкой цене у официального дилера ТД УЭТ,rtb_24hn1,Уточняйте у менеджера,"Доставка со складов: Екатеринбург, Киржач, Орехово-Зеуво, Лакинск, Петушки",Royal Thermo,Barocco,RTB-24HN1,7.33,Нет,Опция доступна при подключении съемного Wi-Fi модуля,Да,68,-7,Да,Да,42.03,Да,Гарантийный талон,0.333,100,0.699,43,1300,100,Да,0.38,Да,2.28,0.222,24000,5 лет,0.92,1.1,Вертикальное+Горизонтальное,Barocco,30,R410a,,31,"7,62",56,16,7.33,Нет,70,Да,15,Да,A,Нет,Да,5,"1,0 °С",Нет,Да,Да,7,24000,7.33,Да,Да,Да,Да,"7,62",Нет,Да,1500,14,Да,Да,Да,2110,A,47,Да,Да,2280,70,7.62,Да,Да,КНР,Да,Да,Да,Да,,Доп.опция,Да,IPX0/IPX4,Да,Да,,A,Да,Стандарт,https://rkcdn.ru/products/5f6974f4-f102-11ee-b8d8-00505601218a/src.jpg,https://rkcdn.ru/products/58b39603-f102-11ee-b8d8-00505601218a/src.jpg,https://rkcdn.ru/products/58b39605-f102-11ee-b8d8-00505601218a/src.jpg,https://rkcdn.ru/products/58b39607-f102-11ee-b8d8-00505601218a/src.jpg,https://rkcdn.ru/products/58b39609-f102-11ee-b8d8-00505601218a/src.jpg,https://rkcdn.ru/products/58b3960b-f102-11ee-b8d8-00505601218a/src.jpg,https://rkcdn.ru/products/5f6974f6-f102-11ee-b8d8-00505601218a/src.jpg,https://rkcdn.ru/products/5f6974f2-f102-11ee-b8d8-00505601218a/src.jpg
RTS-12HN1 Сплит-система Siena комплект Royal Thermo,,RUB,39600.0,1,1,,"<p>Купить RTS-12HN1 Сплит-система Siena комплект Royal Thermo из наличия в ТД УЭТ. Доставка со склада в Екатеринбурге во все города России. Цена на RTS-12HN1 Сплит-система Siena комплект Royal Thermo актуальна. Для заказа и уточнения дополнительных скидок отправьте запрос по e-mail: sale@uralenergotel.ru. Для постоянных клиентов предусмотрены специальные цены.&nbsp;<br><br>Также вы можете воспользоваться боковым меню справа и выбрать необходимые для вас характеристики, либо подобрать аналогичные товары из наличия у нас на сайте.&nbsp;<br><br>Поставим RTS-12HN1 Сплит-система Siena комплект Royal Thermo напрямую со склада в города России: Москва, Санкт-Петербург, Казань, Самара, Екатеринбург, Челябинск, Уфа, Тюмень, Краснодар, Новосибирск, Пермь, Сургут, Омск, Красноярск, Ростов-на-Дону, Нижний Новгород, Волгоград, Чита, Иркутск и т.д.</p><h3>Описание</h3><p>&nbsp;</p><p>РЎРїР»РёС‚-СЃРёСЃС‚РµРјС‹ Siena &ndash; СЌС‚Рѕ СѓРґР°С‡РЅРѕРµ СЃРѕС‡РµС‚Р°РЅРёРµ СЌР»РµРіР°РЅС‚РЅРѕСЃС‚Рё Рё СЃРѕРІСЂРµРјРµРЅРЅС‹С… С‚РµС…РЅРѕР»РѕРіРёР№.<br /> РљРѕРЅРґРёС†РёРѕРЅРµСЂС‹ Siena РѕР±РµСЃРїРµС‡РµРЅС‹ РІСЃРµРјРё РЅРµРѕР±С…РѕРґРёРјС‹РјРё СЂРµР¶РёРјР°РјРё (РѕС…Р»Р°Р¶РґРµРЅРёРµ, РѕР±РѕРіСЂРµРІ, РѕСЃСѓС€РµРЅРёРµ, РІРµРЅС‚РёР»СЏС†РёСЏ) Рё С€РёСЂРѕРєРёРј РЅР°Р±РѕСЂРѕРј С„СѓРЅРєС†РёР№: СЃР°РјРѕРѕС‡РёСЃС‚РєР°, Р°РІС‚РѕСЂРµСЃС‚Р°СЂС‚ Рё РЅРѕС‡РЅРѕР№ СЂРµР¶РёРј.<br /> РўРµС…РЅРѕР»РѕРіРёС‡РµСЃРєРѕРµ Рё РєРѕРЅСЃС‚СЂСѓРєС‚РёРІРЅРѕРµ РїСЂРµРёРјСѓС‰РµСЃС‚РІРѕ СЌС‚РѕР№ СЃРµСЂРёРё &ndash; Р°РЅС‚РёРєРѕСЂСЂРѕР·РёР№РЅРѕРµ РїРѕРєСЂС‹С‚РёРµ С‚РµРїР»РѕРѕР±РјРµРЅРЅРёРєР° Golden Fin, Р·Р°С‰РёС‰Р°СЋС‰РµРµ РєРѕРЅРґРёС†РёРѕРЅРµСЂ РѕС‚ РїР°РіСѓР±РЅС‹С… РІРѕР·РґРµР№СЃС‚РІРёР№ РІРЅРµС€РЅРµР№ СЃСЂРµРґС‹.&nbsp;</p>",,1,,Купить RTS-12HN1 Сплит-система Siena комплект Royal Thermo с доставкой на uralenergotel.ru,Купить RTS-12HN1 Сплит-система Siena комплект Royal Thermo по низкой цене у официального дилера ТД УЭТ,rts_12hn1,Уточняйте у менеджера,"Доставка со складов: Екатеринбург, Киржач, Орехово-Зеуво, Лакинск, Петушки",Royal Thermo,Siena,RTS-12HN1,3.52,Да (с вилкой),Нет,Да,39.3,-7,Да,Да,22.1,Да,Гарантийный талон,0.285,100,0.495,43,570,100,Да,0.27,Да,1.096,0.194,12000,5 лет,0.72,0.805,Горизонтальное,Siena,28,R410a,,30,"3,52",55,17,3.52,Нет,35,,20,Да,A,Нет,Да,8,"1,0 °С",Нет,Да,Да,4,12000,3.52,Да,Да,Да,Да,"3,52",Нет,Да,640,8.5,Да,Да,Да,974,A,26.9,Да,Да,1096,35,3.52,Да,Да,КНР,,,,Нет,,,Да,IPX0/IP24,,Да,,A,Да,Стандарт,https://rkcdn.ru/products/ebff1e21-9db7-11ee-b8d6-00505601218a/src.jpg,https://rkcdn.ru/products/12883d61-9db8-11ee-b8d6-00505601218a/src.jpg,https://rkcdn.ru/products/f87ef92f-9db7-11ee-b8d6-00505601218a/src.jpg,https://rkcdn.ru/products/02bf2e0b-9db8-11ee-b8d6-00505601218a/src.jpg,,,,
RTBI-24HN8/white Сплит-система инверторного типа Barocco DC комплект Royal Thermo,,RUB,99900.0,1,1,,"<p>Купить RTBI-24HN8/white Сплит-система инверторного типа Barocco DC комплект Royal Thermo из наличия в ТД УЭТ. Доставка со склада в Екатеринбурге во все города России. Цена на RTBI-24HN8/white Сплит-система инверторного типа Barocco DC комплект Royal Thermo актуальна. Для заказа и уточнения дополнительных скидок отправьте запрос по e-mail: sale@uralenergotel.ru. Для постоянных клиентов предусмотрены специальные цены.&nbsp;<br><br>Также вы можете воспользоваться боковым меню справа и выбрать необходимые для вас характеристики, либо подобрать аналогичные товары из наличия у нас на сайте.&nbsp;<br><br>Поставим RTBI-24HN8/white Сплит-система инверторного типа Barocco DC комплект Royal Thermo напрямую со склада в города России: Москва, Санкт-Петербург, Казань, Самара, Екатеринбург, Челябинск, Уфа, Тюмень, Краснодар, Новосибирск, Пермь, Сургут, Омск, Красноярск, Ростов-на-Дону, Нижний Новгород, Волгоград, Чита, Иркутск и т.д.</p><h3>Описание</h3><p>&nbsp;</p>",,1,,Купить RTBI-24HN8/white Сплит-система инверторного типа Barocco DC комплект Royal Thermo с доставкой на uralenergotel.ru,Купить RTBI-24HN8/white Сплит-система инверторного типа Barocco DC комплект Royal Thermo по низкой цене у официального дилера ТД УЭТ,rtbi_24hn8_white,Уточняйте у менеджера,"Доставка со складов: Екатеринбург, Киржач, Орехово-Зеуво, Лакинск, Петушки",Royal Thermo,Barocco DC White,RTBI-24HN8/white,6.84,Нет,Опция доступна при подключении съемного Wi-Fi модуля,Да,60,-20,Да,Да,42.03,Да,Гарантийный талон,0.333,100,0.699,53,1150,100,Да,0.38,Да,2.8,0.22,24000,5 лет,0.92,1.1,Вертикальное+Горизонтальное,Barocco DC White,30,R32,Да,31,"1,85",57,16,1.83,Нет,70,Да,25,Да,A++,Да,Да,10,"1,0 °С",Да,Да,Да,7,24000,7.82,Да,Да,Да,Да,"7,96",Нет,Да,1110,14,Да,Да,Да,1900,A++,40,Да,Да,2118,70,7.05,Да,Да,КНР,Да,Да,Да,Да,Да,Доп.опция,Да,IPX0/IPX4,Да,Да,Да,A+,Да,Стандарт,https://rkcdn.ru/products/bba63006-9e74-11ee-b8d6-00505601218a/src.jpg,https://rkcdn.ru/products/e856ed40-9e74-11ee-b8d6-00505601218a/src.jpg,https://rkcdn.ru/products/c754d3bc-9e74-11ee-b8d6-00505601218a/src.jpg,https://rkcdn.ru/products/d2560ec5-9e74-11ee-b8d6-00505601218a/src.jpg,https://rkcdn.ru/products/dd144681-9e74-11ee-b8d6-00505601218a/src.jpg,,,
RTP-09HN1 Сплит-система Perfecto комплект Royal Thermo,,RUB,31500.0,1,1,,"<p>Купить RTP-09HN1 Сплит-система Perfecto комплект Royal Thermo из наличия в ТД УЭТ. Доставка со склада в Екатеринбурге во все города России. Цена на RTP-09HN1 Сплит-система Perfecto комплект Royal Thermo актуальна. Для заказа и уточнения дополнительных скидок отправьте запрос по e-mail: sale@uralenergotel.ru. Для постоянных клиентов предусмотрены специальные цены.&nbsp;<br><br>Также вы можете воспользоваться боковым меню справа и выбрать необходимые для вас характеристики, либо подобрать аналогичные товары из наличия у нас на сайте.&nbsp;<br><br>Поставим RTP-09HN1 Сплит-система Perfecto комплект Royal Thermo напрямую со склада в города России: Москва, Санкт-Петербург, Казань, Самара, Екатеринбург, Челябинск, Уфа, Тюмень, Краснодар, Новосибирск, Пермь, Сургут, Омск, Красноярск, Ростов-на-Дону, Нижний Новгород, Волгоград, Чита, Иркутск и т.д.</p><h3>Описание</h3><p>&nbsp;</p><p>РЎРµСЂРёСЏ Perfecto &ndash; СЃС‚Р°Р±РёР»СЊРЅР°СЏ Рё РЅР°РґС‘Р¶РЅР°СЏ СЂР°Р±РѕС‚Р° РІ Р»СЋР±С‹С… СѓСЃР»РѕРІРёСЏС…. <br />РЎРїР»РёС‚ СЃРёСЃС‚РµРјС‹ Perfecto РїСЂРµРґСЃС‚Р°РІР»РµРЅС‹ С€РёСЂРѕРєРёРј РјРѕРґРµР»СЊРЅС‹Рј СЂСЏРґРѕРј &ndash; 7,9,12,18,24 Рё 30 kBTU Рё СЃРїРѕСЃРѕР±РЅС‹ СЂР°Р±РѕС‚Р°С‚СЊ РІ СЂР°СЃС€РёСЂРµРЅРЅРѕРј РґРёР°РїР°Р·РѕРЅРµ РЅР°РїСЂСЏР¶РµРЅРёСЏ 175-264Р’, С‡С‚Рѕ Р°РєС‚СѓР°Р»СЊРЅРѕ РґР»СЏ РґРѕРјРѕРІ Рё СЂР°Р№РѕРЅРѕРІ СЃ С‡Р°СЃС‚С‹РјРё СЃРєР°С‡РєР°РјРё РЅР°РїСЂСЏР¶РµРЅРёСЏ. <br />Р”Р»СЏ Р±РѕР»СЊС€РµР№ Р±РµР·РѕРїР°СЃРЅРѕСЃС‚Рё СЃРїР»РёС‚-СЃРёСЃС‚РµРјС‹ Perfecto РѕСЃРЅР°С‰РµРЅС‹ РґРµС‚РµРєС‚РѕСЂРѕРј СѓС‚РµС‡РєРё С„СЂРµРѕРЅР°, РєРѕС‚РѕСЂС‹Р№ РїСЂРµРґСѓРїСЂРµР¶РґР°РµС‚ РЅРµС€С‚Р°С‚РЅСѓСЋ СЂР°Р±РѕС‚Сѓ СЃРёСЃС‚РµРјС‹ Рё РїСЂРѕРґР»РµРІР°РµС‚ СЃСЂРѕРє СЃР»СѓР¶Р±С‹ РѕР±РѕСЂСѓРґРѕРІР°РЅРёСЏ. <br />Р’С‹СЃРѕРєР°СЏ РЅР°РґС‘Р¶РЅРѕСЃС‚СЊ СЃРµСЂРёРё Perfecto РІ СЃРѕС‡РµС‚Р°РЅРёРё СЃ СЌР»РµРіР°РЅС‚РЅРѕСЃС‚СЊСЋ, С€РёСЂРѕРєРёРј РЅР°Р±РѕСЂРѕРј С„СѓРЅРєС†РёР№, СЂРµР¶РёРјРѕРІ Рё Р»С‘РіРєРѕСЃС‚СЊСЋ СѓРїСЂР°РІР»РµРЅРёСЏ РїРѕР·РІРѕР»СЏРµС‚ СЃРѕР·РґР°РІР°С‚СЊ РёРґРµР°Р»СЊРЅС‹Р№ РјРёРєСЂРѕРєР»РёРјР°С‚ РІ Р»СЋР±РѕРµ РІСЂРµРјСЏ РіРѕРґР°. </p>",,1,,Купить RTP-09HN1 Сплит-система Perfecto комплект Royal Thermo с доставкой на uralenergotel.ru,Купить RTP-09HN1 Сплит-система Perfecto комплект Royal Thermo по низкой цене у официального дилера ТД УЭТ,rtp_09hn1,Уточняйте у менеджера,"Доставка со складов: Екатеринбург, Киржач, Орехово-Зеуво, Лакинск, Петушки",Royal Thermo,Perfecto,RTP-09HN1,2.55,Да (без вилки),Нет,Да,35.6,-15,Да,Да,17.98,Да,Гарантийный талон,0.25,100,0.45,43,520,100,Да,0.293,Да,0.794,0.185,9000,5 лет,0.71,0.698,Горизонтальное,Perfecto,24,R410a,,30,"2,65",49,16,2.55,Нет,25,,15,Да,A,Нет,Да,10,"1,0 °С",Нет,Да,Да,4,9000,2.55,Да,Да,Да,Да,"2,65",Нет,Да,560,7.7,Да,Да,Да,734,A,24.7,Да,Да,794,25,2.65,Да,Да,КНР,,,,Да,,,Да,IPX0/IPX4,Да,Да,,A,Да,Стандарт,https://rkcdn.ru/products/e66f45eb-9dad-11ee-b8d6-00505601218a/src.jpg,https://rkcdn.ru/products/7b30bc56-c9c3-11ee-b8d6-00505601218a/src.jpg,https://rkcdn.ru/products/f20bcd21-9dad-11ee-b8d6-00505601218a/src.jpg,https://rkcdn.ru/products/fc5eef45-9dad-11ee-b8d6-00505601218a/src.jpg,,,,
RTP-30HN1 Сплит-система Perfecto комплект Royal Thermo,,RUB,113000.0,0,1,,"<p>Купить RTP-30HN1 Сплит-система Perfecto комплект Royal Thermo из наличия в ТД УЭТ. Доставка со склада в Екатеринбурге во все города России. Цена на RTP-30HN1 Сплит-система Perfecto комплект Royal Thermo актуальна. Для заказа и уточнения дополнительных скидок отправьте запрос по e-mail: sale@uralenergotel.ru. Для постоянных клиентов предусмотрены специальные цены.&nbsp;<br><br>Также вы можете воспользоваться боковым меню справа и выбрать необходимые для вас характеристики, либо подобрать аналогичные товары из наличия у нас на сайте.&nbsp;<br><br>Поставим RTP-30HN1 Сплит-система Perfecto комплект Royal Thermo напрямую со склада в города России: Москва, Санкт-Петербург, Казань, Самара, Екатеринбург, Челябинск, Уфа, Тюмень, Краснодар, Новосибирск, Пермь, Сургут, Омск, Красноярск, Ростов-на-Дону, Нижний Новгород, Волгоград, Чита, Иркутск и т.д.</p><h3>Описание</h3><p>&nbsp;</p><p>РЎРµСЂРёСЏ Perfecto &ndash; СЃС‚Р°Р±РёР»СЊРЅР°СЏ Рё РЅР°РґС‘Р¶РЅР°СЏ СЂР°Р±РѕС‚Р° РІ Р»СЋР±С‹С… СѓСЃР»РѕРІРёСЏС…. <br />РЎРїР»РёС‚ СЃРёСЃС‚РµРјС‹ Perfecto РїСЂРµРґСЃС‚Р°РІР»РµРЅС‹ С€РёСЂРѕРєРёРј РјРѕРґРµР»СЊРЅС‹Рј СЂСЏРґРѕРј &ndash; 7,9,12,18,24 Рё 30 kBTU Рё СЃРїРѕСЃРѕР±РЅС‹ СЂР°Р±РѕС‚Р°С‚СЊ РІ СЂР°СЃС€РёСЂРµРЅРЅРѕРј РґРёР°РїР°Р·РѕРЅРµ РЅР°РїСЂСЏР¶РµРЅРёСЏ 175-264Р’, С‡С‚Рѕ Р°РєС‚СѓР°Р»СЊРЅРѕ РґР»СЏ РґРѕРјРѕРІ Рё СЂР°Р№РѕРЅРѕРІ СЃ С‡Р°СЃС‚С‹РјРё СЃРєР°С‡РєР°РјРё РЅР°РїСЂСЏР¶РµРЅРёСЏ. <br />Р”Р»СЏ Р±РѕР»СЊС€РµР№ Р±РµР·РѕРїР°СЃРЅРѕСЃС‚Рё СЃРїР»РёС‚-СЃРёСЃС‚РµРјС‹ Perfecto РѕСЃРЅР°С‰РµРЅС‹ РґРµС‚РµРєС‚РѕСЂРѕРј СѓС‚РµС‡РєРё С„СЂРµРѕРЅР°, РєРѕС‚РѕСЂС‹Р№ РїСЂРµРґСѓРїСЂРµР¶РґР°РµС‚ РЅРµС€С‚Р°С‚РЅСѓСЋ СЂР°Р±РѕС‚Сѓ СЃРёСЃС‚РµРјС‹ Рё РїСЂРѕРґР»РµРІР°РµС‚ СЃСЂРѕРє СЃР»СѓР¶Р±С‹ РѕР±РѕСЂСѓРґРѕРІР°РЅРёСЏ. <br />Р’С‹СЃРѕРєР°СЏ РЅР°РґС‘Р¶РЅРѕСЃС‚СЊ СЃРµСЂРёРё Perfecto РІ СЃРѕС‡РµС‚Р°РЅРёРё СЃ СЌР»РµРіР°РЅС‚РЅРѕСЃС‚СЊСЋ, С€РёСЂРѕРєРёРј РЅР°Р±РѕСЂРѕРј С„СѓРЅРєС†РёР№, СЂРµР¶РёРјРѕРІ Рё Р»С‘РіРєРѕСЃС‚СЊСЋ СѓРїСЂР°РІР»РµРЅРёСЏ РїРѕР·РІРѕР»СЏРµС‚ СЃРѕР·РґР°РІР°С‚СЊ РёРґРµР°Р»СЊРЅС‹Р№ РјРёРєСЂРѕРєР»РёРјР°С‚ РІ Р»СЋР±РѕРµ РІСЂРµРјСЏ РіРѕРґР°. </p>",,1,,Купить RTP-30HN1 Сплит-система Perfecto комплект Royal Thermo с доставкой на uralenergotel.ru,Купить RTP-30HN1 Сплит-система Perfecto комплект Royal Thermo по низкой цене у официального дилера ТД УЭТ,rtp_30hn1,Уточняйте у менеджера,"Доставка со складов: Екатеринбург, Киржач, Орехово-Зеуво, Лакинск, Петушки",Royal Thermo,Perfecto,RTP-30HN1,8.5,Да (без вилки),Нет,Да,80.2,-15,Да,Да,47.62,Да,Гарантийный талон,0.325,100,0.66,43,1250,100,Да,0.402,Да,2.615,0.245,30000,5 лет,0.958,1.08,Горизонтальное,Perfecto,36,R410a,,30,"8,9",56,16,8.5,Нет,85,,30,Да,A,Нет,Да,10,"1,0 °С",Нет,Да,Да,4,30000,8.5,Да,Да,Да,Да,"8,9",Нет,Да,1900,16.9,Да,Да,Да,2465,A,56.9,Да,Да,2615,85,8.9,Да,Да,КНР,,,,Да,,,Да,IPX0/IPX4,Да,Да,,A,Да,Стандарт,https://rkcdn.ru/products/6ad53d9b-c9c3-11ee-b8d6-00505601218a/src.jpg,https://rkcdn.ru/products/fc5eef4d-9dad-11ee-b8d6-00505601218a/src.jpg,https://rkcdn.ru/products/f20bcd29-9dad-11ee-b8d6-00505601218a/src.jpg,https://rkcdn.ru/products/e66f45f3-9dad-11ee-b8d6-00505601218a/src.jpg,,,,
RTS-07HN1 Сплит-система Siena комплект Royal Thermo,,RUB,26300.0,1,1,,"<p>Купить RTS-07HN1 Сплит-система Siena комплект Royal Thermo из наличия в ТД УЭТ. Доставка со склада в Екатеринбурге во все города России. Цена на RTS-07HN1 Сплит-система Siena комплект Royal Thermo актуальна. Для заказа и уточнения дополнительных скидок отправьте запрос по e-mail: sale@uralenergotel.ru. Для постоянных клиентов предусмотрены специальные цены.&nbsp;<br><br>Также вы можете воспользоваться боковым меню справа и выбрать необходимые для вас характеристики, либо подобрать аналогичные товары из наличия у нас на сайте.&nbsp;<br><br>Поставим RTS-07HN1 Сплит-система Siena комплект Royal Thermo напрямую со склада в города России: Москва, Санкт-Петербург, Казань, Самара, Екатеринбург, Челябинск, Уфа, Тюмень, Краснодар, Новосибирск, Пермь, Сургут, Омск, Красноярск, Ростов-на-Дону, Нижний Новгород, Волгоград, Чита, Иркутск и т.д.</p><h3>Описание</h3><p>&nbsp;</p><p>РЎРїР»РёС‚-СЃРёСЃС‚РµРјС‹ Siena &ndash; СЌС‚Рѕ СѓРґР°С‡РЅРѕРµ СЃРѕС‡РµС‚Р°РЅРёРµ СЌР»РµРіР°РЅС‚РЅРѕСЃС‚Рё Рё СЃРѕРІСЂРµРјРµРЅРЅС‹С… С‚РµС…РЅРѕР»РѕРіРёР№.<br /> РљРѕРЅРґРёС†РёРѕРЅРµСЂС‹ Siena РѕР±РµСЃРїРµС‡РµРЅС‹ РІСЃРµРјРё РЅРµРѕР±С…РѕРґРёРјС‹РјРё СЂРµР¶РёРјР°РјРё (РѕС…Р»Р°Р¶РґРµРЅРёРµ, РѕР±РѕРіСЂРµРІ, РѕСЃСѓС€РµРЅРёРµ, РІРµРЅС‚РёР»СЏС†РёСЏ) Рё С€РёСЂРѕРєРёРј РЅР°Р±РѕСЂРѕРј С„СѓРЅРєС†РёР№: СЃР°РјРѕРѕС‡РёСЃС‚РєР°, Р°РІС‚РѕСЂРµСЃС‚Р°СЂС‚ Рё РЅРѕС‡РЅРѕР№ СЂРµР¶РёРј.<br /> РўРµС…РЅРѕР»РѕРіРёС‡РµСЃРєРѕРµ Рё РєРѕРЅСЃС‚СЂСѓРєС‚РёРІРЅРѕРµ РїСЂРµРёРјСѓС‰РµСЃС‚РІРѕ СЌС‚РѕР№ СЃРµСЂРёРё &ndash; Р°РЅС‚РёРєРѕСЂСЂРѕР·РёР№РЅРѕРµ РїРѕРєСЂС‹С‚РёРµ С‚РµРїР»РѕРѕР±РјРµРЅРЅРёРєР° Golden Fin, Р·Р°С‰РёС‰Р°СЋС‰РµРµ РєРѕРЅРґРёС†РёРѕРЅРµСЂ РѕС‚ РїР°РіСѓР±РЅС‹С… РІРѕР·РґРµР№СЃС‚РІРёР№ РІРЅРµС€РЅРµР№ СЃСЂРµРґС‹.&nbsp;</p>",,1,,Купить RTS-07HN1 Сплит-система Siena комплект Royal Thermo с доставкой на uralenergotel.ru,Купить RTS-07HN1 Сплит-система Siena комплект Royal Thermo по низкой цене у официального дилера ТД УЭТ,rts_07hn1,Уточняйте у менеджера,"Доставка со складов: Екатеринбург, Киржач, Орехово-Зеуво, Лакинск, Петушки",Royal Thermo,Siena,RTS-07HN1,2.2,Да (с вилкой),Нет,Да,36,-7,Да,Да,21.21,Да,Гарантийный талон,0.285,100,0.495,43,436,100,Да,0.27,Да,0.685,0.194,7500,5 лет,0.72,0.715,Горизонтальное,Siena,25,R410a,,30,"2,35",54,17,2.2,Нет,20,,10,Да,A,Нет,Да,8,"1,0 °С",Нет,Да,Да,4,7000,2.2,Да,Да,Да,Да,"2,35",Нет,Да,630,7.4,Да,Да,Да,649,A,24.6,Да,Да,685,20,2.35,Да,Да,КНР,,,,Нет,,,Да,IPX0/IP24,,Да,,A,Да,Стандарт,https://rkcdn.ru/products/ebff1e1d-9db7-11ee-b8d6-00505601218a/src.jpg,https://rkcdn.ru/products/f87ef92b-9db7-11ee-b8d6-00505601218a/src.jpg,https://rkcdn.ru/products/0c7407db-9db8-11ee-b8d6-00505601218a/src.jpg,https://rkcdn.ru/products/02bf2e07-9db8-11ee-b8d6-00505601218a/src.jpg,,,,
RTPI-24HN8 Сплит-система инверторного типа Perfecto DC комплект Royal Thermo,,RUB,104900.0,1,1,,"<p>Купить RTPI-24HN8 Сплит-система инверторного типа Perfecto DC комплект Royal Thermo из наличия в ТД УЭТ. Доставка со склада в Екатеринбурге во все города России. Цена на RTPI-24HN8 Сплит-система инверторного типа Perfecto DC комплект Royal Thermo актуальна. Для заказа и уточнения дополнительных скидок отправьте запрос по e-mail: sale@uralenergotel.ru. Для постоянных клиентов предусмотрены специальные цены.&nbsp;<br><br>Также вы можете воспользоваться боковым меню справа и выбрать необходимые для вас характеристики, либо подобрать аналогичные товары из наличия у нас на сайте.&nbsp;<br><br>Поставим RTPI-24HN8 Сплит-система инверторного типа Perfecto DC комплект Royal Thermo напрямую со склада в города России: Москва, Санкт-Петербург, Казань, Самара, Екатеринбург, Челябинск, Уфа, Тюмень, Краснодар, Новосибирск, Пермь, Сургут, Омск, Красноярск, Ростов-на-Дону, Нижний Новгород, Волгоград, Чита, Иркутск и т.д.</p><h3>Описание</h3><p>&nbsp;</p><p>Р�РЅРІРµСЂС‚РѕСЂРЅС‹Рµ СЃРїР»РёС‚-СЃРёСЃС‚РµРјС‹ Perfecto DC РѕР±Р»Р°РґР°СЋС‚ РІС‹СЃРѕС‡Р°Р№С€РёРј РєР»Р°СЃСЃРѕРј СЌРЅРµСЂРіРѕСЌС„С„РµРєС‚РёРІРЅРѕСЃС‚Рё SEER A++, Р·Р° СЃС‡С‘С‚ РєРѕС‚РѕСЂРѕРіРѕ РїРѕС‚СЂРµР±Р»РµРЅРёРµ СЌР»РµРєС‚СЂРѕСЌРЅРµСЂРіРёРё Р±СѓРґРµС‚ РјРёРЅРёРјР°Р»СЊРЅС‹Рј. <br />РЎ РЅР°РґС‘Р¶РЅС‹РјРё РєРѕРЅРґРёС†РёРѕРЅРµСЂР°РјРё РёРЅРІРµСЂС‚РѕСЂРЅРѕРіРѕ С‚РёРїР° Perfecto DC РІС‹ СЃРјРѕР¶РµС‚Рµ РЅРµ С‚РѕР»СЊРєРѕ РѕС…Р»Р°Р¶РґР°С‚СЊ РїРѕРјРµС‰РµРЅРёРµ Р»РµС‚РѕРј, РЅРѕ Рё РїРѕРґРґРµСЂР¶РёРІР°С‚СЊ РЅРµРѕР±С…РѕРґРёРјСѓСЋ С‚РµРјРїРµСЂР°С‚СѓСЂСѓ РІ Р·Р°РіРѕСЂРѕРґРЅРѕРј РґРѕРјРµ Р±РµР· С†РµРЅС‚СЂР°Р»СЊРЅРѕРіРѕ РѕС‚РѕРїР»РµРЅРёСЏ Р·РёРјРѕР№. <br />Р‘Р»Р°РіРѕРґР°СЂСЏ С„СѓРЅРєС†РёРё &laquo;Р—Р°С‰РёС‚Р° РґРѕРјР° РѕС‚ Р·Р°РјРµСЂР·Р°РЅРёСЏ&raquo; РєРѕРЅРґРёС†РёРѕРЅРµСЂ Р±СѓРґРµС‚ РїРѕРґРґРµСЂР¶РёРІР°С‚СЊ С‚РµРјРїРµСЂР°С‚СѓСЂСѓ РІРѕР·РґСѓС…Р° +8 &deg;РЎ, С‡С‚Рѕ РїРѕР·РІРѕР»РёС‚ РЅРµ Р·Р°РјРѕСЂРѕР·РёС‚СЊ РїРѕРјРµС‰РµРЅРёРµ Рё РІРѕРґРѕРїСЂРѕРІРѕРґ. <br />Р�РЅРІРµСЂС‚РѕСЂРЅС‹Рµ СЃРїР»РёС‚-СЃРёСЃС‚РµРјС‹ Perfecto DC СЃРїРѕСЃРѕР±РЅС‹ СЂР°Р±РѕС‚Р°С‚СЊ РІ СЂР°СЃС€РёСЂРµРЅРЅРѕРј РґРёР°РїР°Р·РѕРЅРµ РЅР°РїСЂСЏР¶РµРЅРёСЏ 175-264Р’, С‡С‚Рѕ Р°РєС‚СѓР°Р»СЊРЅРѕ РґР»СЏ РґРѕРјРѕРІ Рё СЂР°Р№РѕРЅРѕРІ СЃ С‡Р°СЃС‚С‹РјРё СЃРєР°С‡РєР°РјРё РЅР°РїСЂСЏР¶РµРЅРёСЏ. <br />Р”Р»СЏ Р±РѕР»СЊС€РµР№ Р±РµР·РѕРїР°СЃРЅРѕСЃС‚Рё СЃРїР»РёС‚-СЃРёСЃС‚РµРјС‹ Perfecto РѕСЃРЅР°С‰РµРЅС‹ РґРµС‚РµРєС‚РѕСЂРѕРј СѓС‚РµС‡РєРё С„СЂРµРѕРЅР°, РєРѕС‚РѕСЂС‹Р№ РїСЂРµРґСѓРїСЂРµР¶РґР°РµС‚ РЅРµС€С‚Р°С‚РЅСѓСЋ СЂР°Р±РѕС‚Сѓ СЃРёСЃС‚РµРјС‹ Рё РїСЂРѕРґР»РµРІР°РµС‚ СЃСЂРѕРє СЃР»СѓР¶Р±С‹ РѕР±РѕСЂСѓРґРѕРІР°РЅРёСЏ.</p>",,1,,Купить RTPI-24HN8 Сплит-система инверторного типа Perfecto DC комплект Royal Thermo с доставкой на uralenergotel.ru,Купить RTPI-24HN8 Сплит-система инверторного типа Perfecto DC комплект Royal Thermo по низкой цене у официального дилера ТД УЭТ,rtpi_24hn8,Уточняйте у менеджера,"Доставка со складов: Екатеринбург, Киржач, Орехово-Зеуво, Лакинск, Петушки",Royal Thermo,Perfecto DC,RTPI-24HN8,6.15,Нет,Нет,Да,55,-15,Да,Да,34.74,Да,Гарантийный талон,0.3,100,0.555,50,900,100,Да,0.376,Да,2.2,0.225,24000,5 лет,0.873,0.972,Горизонтальное,Perfecto DC,30,R32,,30,"1,29",57,17,1.79,Нет,65,,25,Да,A++,Нет,Да,10,"1,0 °С",Да,Да,Да,4,24000,6.89,Да,Да,Да,Да,"7,03",Нет,Да,1230,13.5,Да,Да,Да,1912,A++,36.5,Да,Да,1827,65,6.45,Да,Да,КНР,,,,Да,,,Да,IPX0/IPX4,Да,Да,,A+,Да,Стандарт,https://rkcdn.ru/products/6f485795-cd04-11ee-b8d6-00505601218a/src.jpg,https://rkcdn.ru/products/c9eefcce-cd03-11ee-b8d6-00505601218a/src.jpg,https://rkcdn.ru/products/b1bb53ff-9db2-11ee-b8d6-00505601218a/src.jpg,https://rkcdn.ru/products/a561e7b7-9db2-11ee-b8d6-00505601218a/src.jpg,,,,
RTP-24HN1 Сплит-система Perfecto комплект Royal Thermo,,RUB,82000.0,1,1,,"<p>Купить RTP-24HN1 Сплит-система Perfecto комплект Royal Thermo из наличия в ТД УЭТ. Доставка со склада в Екатеринбурге во все города России. Цена на RTP-24HN1 Сплит-система Perfecto комплект Royal Thermo актуальна. Для заказа и уточнения дополнительных скидок отправьте запрос по e-mail: sale@uralenergotel.ru. Для постоянных клиентов предусмотрены специальные цены.&nbsp;<br><br>Также вы можете воспользоваться боковым меню справа и выбрать необходимые для вас характеристики, либо подобрать аналогичные товары из наличия у нас на сайте.&nbsp;<br><br>Поставим RTP-24HN1 Сплит-система Perfecto комплект Royal Thermo напрямую со склада в города России: Москва, Санкт-Петербург, Казань, Самара, Екатеринбург, Челябинск, Уфа, Тюмень, Краснодар, Новосибирск, Пермь, Сургут, Омск, Красноярск, Ростов-на-Дону, Нижний Новгород, Волгоград, Чита, Иркутск и т.д.</p><h3>Описание</h3><p>&nbsp;</p><p>РЎРµСЂРёСЏ Perfecto &ndash; СЃС‚Р°Р±РёР»СЊРЅР°СЏ Рё РЅР°РґС‘Р¶РЅР°СЏ СЂР°Р±РѕС‚Р° РІ Р»СЋР±С‹С… СѓСЃР»РѕРІРёСЏС…. <br />РЎРїР»РёС‚ СЃРёСЃС‚РµРјС‹ Perfecto РїСЂРµРґСЃС‚Р°РІР»РµРЅС‹ С€РёСЂРѕРєРёРј РјРѕРґРµР»СЊРЅС‹Рј СЂСЏРґРѕРј &ndash; 7,9,12,18,24 Рё 30 kBTU Рё СЃРїРѕСЃРѕР±РЅС‹ СЂР°Р±РѕС‚Р°С‚СЊ РІ СЂР°СЃС€РёСЂРµРЅРЅРѕРј РґРёР°РїР°Р·РѕРЅРµ РЅР°РїСЂСЏР¶РµРЅРёСЏ 175-264Р’, С‡С‚Рѕ Р°РєС‚СѓР°Р»СЊРЅРѕ РґР»СЏ РґРѕРјРѕРІ Рё СЂР°Р№РѕРЅРѕРІ СЃ С‡Р°СЃС‚С‹РјРё СЃРєР°С‡РєР°РјРё РЅР°РїСЂСЏР¶РµРЅРёСЏ. <br />Р”Р»СЏ Р±РѕР»СЊС€РµР№ Р±РµР·РѕРїР°СЃРЅРѕСЃС‚Рё СЃРїР»РёС‚-СЃРёСЃС‚РµРјС‹ Perfecto РѕСЃРЅР°С‰РµРЅС‹ РґРµС‚РµРєС‚РѕСЂРѕРј СѓС‚РµС‡РєРё С„СЂРµРѕРЅР°, РєРѕС‚РѕСЂС‹Р№ РїСЂРµРґСѓРїСЂРµР¶РґР°РµС‚ РЅРµС€С‚Р°С‚РЅСѓСЋ СЂР°Р±РѕС‚Сѓ СЃРёСЃС‚РµРјС‹ Рё РїСЂРѕРґР»РµРІР°РµС‚ СЃСЂРѕРє СЃР»СѓР¶Р±С‹ РѕР±РѕСЂСѓРґРѕРІР°РЅРёСЏ. <br />Р’С‹СЃРѕРєР°СЏ РЅР°РґС‘Р¶РЅРѕСЃС‚СЊ СЃРµСЂРёРё Perfecto РІ СЃРѕС‡РµС‚Р°РЅРёРё СЃ СЌР»РµРіР°РЅС‚РЅРѕСЃС‚СЊСЋ, С€РёСЂРѕРєРёРј РЅР°Р±РѕСЂРѕРј С„СѓРЅРєС†РёР№, СЂРµР¶РёРјРѕРІ Рё Р»С‘РіРєРѕСЃС‚СЊСЋ СѓРїСЂР°РІР»РµРЅРёСЏ РїРѕР·РІРѕР»СЏРµС‚ СЃРѕР·РґР°РІР°С‚СЊ РёРґРµР°Р»СЊРЅС‹Р№ РјРёРєСЂРѕРєР»РёРјР°С‚ РІ Р»СЋР±РѕРµ РІСЂРµРјСЏ РіРѕРґР°. </p>",,1,,Купить RTP-24HN1 Сплит-система Perfecto комплект Royal Thermo с доставкой на uralenergotel.ru,Купить RTP-24HN1 Сплит-система Perfecto комплект Royal Thermo по низкой цене у официального дилера ТД УЭТ,rtp_24hn1,Уточняйте у менеджера,"Доставка со складов: Екатеринбург, Киржач, Орехово-Зеуво, Лакинск, Петушки",Royal Thermo,Perfecto,RTP-24HN1,6.15,Да (без вилки),Нет,Да,61.7,-15,Да,Да,32.18,Да,Гарантийный талон,0.3,100,0.555,43,900,100,Да,0.376,Да,1.917,0.225,24000,5 лет,0.873,0.97,Горизонтальное,Perfecto,32,R410a,,30,"6,7",55,16,6.15,Нет,65,,25,Да,A,Нет,Да,10,"1,0 °С",Нет,Да,Да,4,24000,6.15,Да,Да,Да,Да,"6,7",Нет,Да,1280,13.6,Да,Да,Да,1856,A,43,Да,Да,1917,65,6.7,Да,Да,КНР,,,,Да,,,Да,IPX0/IPX4,Да,Да,,A,Да,Стандарт,https://rkcdn.ru/products/e66f45f1-9dad-11ee-b8d6-00505601218a/src.jpg,https://rkcdn.ru/products/73fb46ab-c9c3-11ee-b8d6-00505601218a/src.jpg,https://rkcdn.ru/products/f20bcd27-9dad-11ee-b8d6-00505601218a/src.jpg,https://rkcdn.ru/products/fc5eef4b-9dad-11ee-b8d6-00505601218a/src.jpg,,,,
RTB-07HN1 Сплит-система Barocco комплект Royal Thermo,,RUB,26300.0,1,1,,"<p>Купить RTB-07HN1 Сплит-система Barocco комплект Royal Thermo из наличия в ТД УЭТ. Доставка со склада в Екатеринбурге во все города России. Цена на RTB-07HN1 Сплит-система Barocco комплект Royal Thermo актуальна. Для заказа и уточнения дополнительных скидок отправьте запрос по e-mail: sale@uralenergotel.ru. Для постоянных клиентов предусмотрены специальные цены.&nbsp;<br><br>Также вы можете воспользоваться боковым меню справа и выбрать необходимые для вас характеристики, либо подобрать аналогичные товары из наличия у нас на сайте.&nbsp;<br><br>Поставим RTB-07HN1 Сплит-система Barocco комплект Royal Thermo напрямую со склада в города России: Москва, Санкт-Петербург, Казань, Самара, Екатеринбург, Челябинск, Уфа, Тюмень, Краснодар, Новосибирск, Пермь, Сургут, Омск, Красноярск, Ростов-на-Дону, Нижний Новгород, Волгоград, Чита, Иркутск и т.д.</p><h3>Описание</h3><p>&nbsp;</p><p>РЎРїР»РёС‚-СЃРёСЃС‚РµРјС‹ Royal Thermo Barocco РѕР±РµСЃРїРµС‡Р°С‚ РЅР°РґС‘Р¶РЅСѓСЋ СЂР°Р±РѕС‚Сѓ РІ Р»СЋР±С‹С… СѓСЃР»РѕРІРёСЏС….<br />РљРѕРЅРґРёС†РёРѕРЅРµСЂС‹ СЃРµСЂРёРё Barocco РѕСЃРЅР°С‰РµРЅС‹ Р°РІС‚РѕРјР°С‚РёС‡РµСЃРєРёРјРё РІРµСЂС‚РёРєР°Р»СЊРЅС‹РјРё Рё РіРѕСЂРёР·РѕРЅС‚Р°Р»СЊРЅС‹РјРё Р¶Р°Р»СЋР·Рё, С‡С‚Рѕ СЃРѕР·РґР°С‘С‚ СЌС„С„РµРєС‚ РµСЃС‚РµСЃС‚РІРµРЅРЅРѕР№ С†РёСЂРєСѓР»СЏС†РёРё РІРѕР·РґСѓС…Р°, РїСЂРµРґРѕС‚РІСЂР°С‰Р°СЋС‰РёР№ РїРѕСЏРІР»РµРЅРёРµ СЃРєРІРѕР·РЅСЏРєРѕРІ Рё РїРѕР·РІРѕР»СЏСЋС‰РёР№ РїРѕРґРґРµСЂР¶РёРІР°С‚СЊ РєРѕРјС„РѕСЂС‚РЅС‹Рµ СѓСЃР»РѕРІРёСЏ РІ Р»СЋР±РѕРј СЂРµР¶РёРјРµ СЂР°Р±РѕС‚С‹. <br />РЎС‚РёР»СЊРЅС‹Р№ РґРёР·Р°Р№РЅ, РІС‹СЃРѕРєР°СЏ РЅР°РґС‘Р¶РЅРѕСЃС‚СЊ, С€РёСЂРѕРєРёР№ РЅР°Р±РѕСЂ С„СѓРЅРєС†РёР№, СЂРµР¶РёРјРѕРІ РІ СЃРѕС‡РµС‚Р°РЅРёРё СЃ Р»С‘РіРєРѕСЃС‚СЊСЋ СѓРїСЂР°РІР»РµРЅРёСЏ РґРµР»Р°РµС‚ РїСЂРёР±РѕСЂ РѕРґРЅРёРј РёР· Р»СѓС‡С€РёС… РІ СЃРІРѕС‘Рј СЃРµРіРјРµРЅС‚Рµ. <br />Р‘Р»Р°РіРѕРґР°СЂСЏ С„СѓРЅРєС†РёРё IFEEL РєРѕРЅРґРёС†РёРѕРЅРµСЂС‹ СЃРµСЂРёРё Barocco Р±СѓРґСѓС‚ РїРѕРґРґРµСЂР¶РёРІР°С‚СЊ С‚РµРјРїРµСЂР°С‚СѓСЂСѓ РЅРµ С‚РѕР»СЊРєРѕ РІР±Р»РёР·Рё СЃР°РјРѕРіРѕ Р±Р»РѕРєР°, РЅРѕ Рё СЂСЏРґРѕРј СЃ РїСѓР»СЊС‚РѕРј СѓРїСЂР°РІР»РµРЅРёСЏ, С‡С‚Рѕ РїРѕР·РІРѕР»РёС‚ СЃРѕР·РґР°С‚СЊ РєРѕРјС„РѕСЂС‚РЅСѓСЋ С‚РµРјРїРµСЂР°С‚СѓСЂСѓ С‚Р°Рј, РіРґРµ РІС‹ РЅР°С…РѕРґРёС‚РµСЃСЊ.&nbsp;</p>",,1,,Купить RTB-07HN1 Сплит-система Barocco комплект Royal Thermo с доставкой на uralenergotel.ru,Купить RTB-07HN1 Сплит-система Barocco комплект Royal Thermo по низкой цене у официального дилера ТД УЭТ,rtb_07hn1,Уточняйте у менеджера,"Доставка со складов: Екатеринбург, Киржач, Орехово-Зеуво, Лакинск, Петушки",Royal Thermo,Barocco,RTB-07HN1,2.2,Да (с вилкой),Опция доступна при подключении съемного Wi-Fi модуля,Да,32.5,-7,Да,Да,19.27,Да,Гарантийный талон,0.275,100,0.459,43,520,100,Да,0.276,Да,0.685,0.192,7000,5 лет,0.712,0.79,Вертикальное+Горизонтальное,Barocco,23,R410a,,31,"2,2",48,16,2.2,Нет,20,Да,15,Да,A,Нет,Да,5,"1,0 °С",Нет,Да,Да,7,7000,2.2,Да,Да,Да,Да,"2,2",Нет,Да,420,8,Да,Да,Да,609,A,20,Да,Да,685,20,2.2,Да,Да,КНР,Да,Да,Да,Да,,Доп.опция,Да,IPX0/IPX4,Да,Да,,A,Да,Стандарт,https://rkcdn.ru/products/45d3cc85-f102-11ee-b8d8-00505601218a/src.jpg,https://rkcdn.ru/products/45d3cc83-f102-11ee-b8d8-00505601218a/src.jpg,https://rkcdn.ru/products/45d3cc8b-f102-11ee-b8d8-00505601218a/src.jpg,https://rkcdn.ru/products/45d3cc89-f102-11ee-b8d8-00505601218a/src.jpg,https://rkcdn.ru/products/45d3cc87-f102-11ee-b8d8-00505601218a/src.jpg,https://rkcdn.ru/products/45d3cc91-f102-11ee-b8d8-00505601218a/src.jpg,https://rkcdn.ru/products/45d3cc8f-f102-11ee-b8d8-00505601218a/src.jpg,https://rkcdn.ru/products/45d3cc8d-f102-11ee-b8d8-00505601218a/src.jpg
RTSI-07HN8 Сплит-система инверторного типа Siena DC комплект Royal Thermo,,RUB,36700.0,1,1,,"<p>Купить RTSI-07HN8 Сплит-система инверторного типа Siena DC комплект Royal Thermo из наличия в ТД УЭТ. Доставка со склада в Екатеринбурге во все города России. Цена на RTSI-07HN8 Сплит-система инверторного типа Siena DC комплект Royal Thermo актуальна. Для заказа и уточнения дополнительных скидок отправьте запрос по e-mail: sale@uralenergotel.ru. Для постоянных клиентов предусмотрены специальные цены.&nbsp;<br><br>Также вы можете воспользоваться боковым меню справа и выбрать необходимые для вас характеристики, либо подобрать аналогичные товары из наличия у нас на сайте.&nbsp;<br><br>Поставим RTSI-07HN8 Сплит-система инверторного типа Siena DC комплект Royal Thermo напрямую со склада в города России: Москва, Санкт-Петербург, Казань, Самара, Екатеринбург, Челябинск, Уфа, Тюмень, Краснодар, Новосибирск, Пермь, Сургут, Омск, Красноярск, Ростов-на-Дону, Нижний Новгород, Волгоград, Чита, Иркутск и т.д.</p><h3>Описание</h3><p>&nbsp;</p>",,1,,Купить RTSI-07HN8 Сплит-система инверторного типа Siena DC комплект Royal Thermo с доставкой на uralenergotel.ru,Купить RTSI-07HN8 Сплит-система инверторного типа Siena DC комплект Royal Thermo по низкой цене у официального дилера ТД УЭТ,rtsi_07hn8,Уточняйте у менеджера,"Доставка со складов: Екатеринбург, Киржач, Орехово-Зеуво, Лакинск, Петушки",Royal Thermo,Siena DC,RTSI-07HN8,2.35,Да (с вилкой),Опция доступна при подключении съемного Wi-Fi модуля,Да,29.3,-15,Да,Да,18.32,Да,Гарантийный талон,0.285,100,0.469,50,480,100,Да,0.252,Да,1.07,0.194,7000,5 лет,0.668,0.715,Вертикальное+Горизонтальное,Siena DC,22,R32,,30,"0,91",53,17,1.17,Нет,25,Да,25,Да,A,Нет,Да,10,"1,0 °С",Да,Да,Да,4,7000,2.95,Да,Да,Да,Да,"2,99",Нет,Да,420,7.6,Да,Да,Да,670,A,18,Да,Да,730,25,2.43,Да,Да,КНР,Да,Да,Да,Нет,,Доп.опция,Да,IPX0/IP24,Нет,Да,,A,Да,,https://rkcdn.ru/products/1cee537c-9dbc-11ee-b8d6-00505601218a/src.jpg,https://rkcdn.ru/products/2816d2db-9dbc-11ee-b8d6-00505601218a/src.jpg,https://rkcdn.ru/products/32d2d3c9-9dbc-11ee-b8d6-00505601218a/src.jpg,https://rkcdn.ru/products/3e31738f-9dbc-11ee-b8d6-00505601218a/src.jpg,,,,
RTPI-07HN8 Сплит-система инверторного типа Perfecto DC комплект Royal Thermo,,RUB,43900.0,1,1,,"<p>Купить RTPI-07HN8 Сплит-система инверторного типа Perfecto DC комплект Royal Thermo из наличия в ТД УЭТ. Доставка со склада в Екатеринбурге во все города России. Цена на RTPI-07HN8 Сплит-система инверторного типа Perfecto DC комплект Royal Thermo актуальна. Для заказа и уточнения дополнительных скидок отправьте запрос по e-mail: sale@uralenergotel.ru. Для постоянных клиентов предусмотрены специальные цены.&nbsp;<br><br>Также вы можете воспользоваться боковым меню справа и выбрать необходимые для вас характеристики, либо подобрать аналогичные товары из наличия у нас на сайте.&nbsp;<br><br>Поставим RTPI-07HN8 Сплит-система инверторного типа Perfecto DC комплект Royal Thermo напрямую со склада в города России: Москва, Санкт-Петербург, Казань, Самара, Екатеринбург, Челябинск, Уфа, Тюмень, Краснодар, Новосибирск, Пермь, Сургут, Омск, Красноярск, Ростов-на-Дону, Нижний Новгород, Волгоград, Чита, Иркутск и т.д.</p><h3>Описание</h3><p>&nbsp;</p><p>Р�РЅРІРµСЂС‚РѕСЂРЅС‹Рµ СЃРїР»РёС‚-СЃРёСЃС‚РµРјС‹ Perfecto DC РѕР±Р»Р°РґР°СЋС‚ РІС‹СЃРѕС‡Р°Р№С€РёРј РєР»Р°СЃСЃРѕРј СЌРЅРµСЂРіРѕСЌС„С„РµРєС‚РёРІРЅРѕСЃС‚Рё SEER A++, Р·Р° СЃС‡С‘С‚ РєРѕС‚РѕСЂРѕРіРѕ РїРѕС‚СЂРµР±Р»РµРЅРёРµ СЌР»РµРєС‚СЂРѕСЌРЅРµСЂРіРёРё Р±СѓРґРµС‚ РјРёРЅРёРјР°Р»СЊРЅС‹Рј. <br />РЎ РЅР°РґС‘Р¶РЅС‹РјРё РєРѕРЅРґРёС†РёРѕРЅРµСЂР°РјРё РёРЅРІРµСЂС‚РѕСЂРЅРѕРіРѕ С‚РёРїР° Perfecto DC РІС‹ СЃРјРѕР¶РµС‚Рµ РЅРµ С‚РѕР»СЊРєРѕ РѕС…Р»Р°Р¶РґР°С‚СЊ РїРѕРјРµС‰РµРЅРёРµ Р»РµС‚РѕРј, РЅРѕ Рё РїРѕРґРґРµСЂР¶РёРІР°С‚СЊ РЅРµРѕР±С…РѕРґРёРјСѓСЋ С‚РµРјРїРµСЂР°С‚СѓСЂСѓ РІ Р·Р°РіРѕСЂРѕРґРЅРѕРј РґРѕРјРµ Р±РµР· С†РµРЅС‚СЂР°Р»СЊРЅРѕРіРѕ РѕС‚РѕРїР»РµРЅРёСЏ Р·РёРјРѕР№. <br />Р‘Р»Р°РіРѕРґР°СЂСЏ С„СѓРЅРєС†РёРё &laquo;Р—Р°С‰РёС‚Р° РґРѕРјР° РѕС‚ Р·Р°РјРµСЂР·Р°РЅРёСЏ&raquo; РєРѕРЅРґРёС†РёРѕРЅРµСЂ Р±СѓРґРµС‚ РїРѕРґРґРµСЂР¶РёРІР°С‚СЊ С‚РµРјРїРµСЂР°С‚СѓСЂСѓ РІРѕР·РґСѓС…Р° +8 &deg;РЎ, С‡С‚Рѕ РїРѕР·РІРѕР»РёС‚ РЅРµ Р·Р°РјРѕСЂРѕР·РёС‚СЊ РїРѕРјРµС‰РµРЅРёРµ Рё РІРѕРґРѕРїСЂРѕРІРѕРґ. <br />Р�РЅРІРµСЂС‚РѕСЂРЅС‹Рµ СЃРїР»РёС‚-СЃРёСЃС‚РµРјС‹ Perfecto DC СЃРїРѕСЃРѕР±РЅС‹ СЂР°Р±РѕС‚Р°С‚СЊ РІ СЂР°СЃС€РёСЂРµРЅРЅРѕРј РґРёР°РїР°Р·РѕРЅРµ РЅР°РїСЂСЏР¶РµРЅРёСЏ 175-264Р’, С‡С‚Рѕ Р°РєС‚СѓР°Р»СЊРЅРѕ РґР»СЏ РґРѕРјРѕРІ Рё СЂР°Р№РѕРЅРѕРІ СЃ С‡Р°СЃС‚С‹РјРё СЃРєР°С‡РєР°РјРё РЅР°РїСЂСЏР¶РµРЅРёСЏ. <br />Р”Р»СЏ Р±РѕР»СЊС€РµР№ Р±РµР·РѕРїР°СЃРЅРѕСЃС‚Рё СЃРїР»РёС‚-СЃРёСЃС‚РµРјС‹ Perfecto РѕСЃРЅР°С‰РµРЅС‹ РґРµС‚РµРєС‚РѕСЂРѕРј СѓС‚РµС‡РєРё С„СЂРµРѕРЅР°, РєРѕС‚РѕСЂС‹Р№ РїСЂРµРґСѓРїСЂРµР¶РґР°РµС‚ РЅРµС€С‚Р°С‚РЅСѓСЋ СЂР°Р±РѕС‚Сѓ СЃРёСЃС‚РµРјС‹ Рё РїСЂРѕРґР»РµРІР°РµС‚ СЃСЂРѕРє СЃР»СѓР¶Р±С‹ РѕР±РѕСЂСѓРґРѕРІР°РЅРёСЏ.</p>",,1,,Купить RTPI-07HN8 Сплит-система инверторного типа Perfecto DC комплект Royal Thermo с доставкой на uralenergotel.ru,Купить RTPI-07HN8 Сплит-система инверторного типа Perfecto DC комплект Royal Thermo по низкой цене у официального дилера ТД УЭТ,rtpi_07hn8,Уточняйте у менеджера,"Доставка со складов: Екатеринбург, Киржач, Орехово-Зеуво, Лакинск, Петушки",Royal Thermo,Perfecto DC,RTPI-07HN8,2.2,Нет,Нет,Да,31.5,-15,Да,Да,17.98,Да,Гарантийный талон,0.251,100,0.45,50,500,100,Да,0.293,Да,1.1,0.185,7000,5 лет,0.71,0.696,Горизонтальное,Perfecto DC,20,R32,,30,"0,6",49,17,0.3,Нет,20,,15,Да,A++,Нет,Да,10,"1,0 °С",Да,Да,Да,4,7000,2.85,Да,Да,Да,Да,"2,9",Нет,Да,450,7.5,Да,Да,Да,590,A++,21,Да,Да,590,20,2.4,Да,Да,КНР,,,,Да,,,Да,IPX0/IPX4,Да,Да,,A+,Да,Стандарт,https://rkcdn.ru/products/9db1c808-cd03-11ee-b8d6-00505601218a/src.jpg,https://rkcdn.ru/products/a561e7af-9db2-11ee-b8d6-00505601218a/src.jpg,https://rkcdn.ru/products/b1bb53f7-9db2-11ee-b8d6-00505601218a/src.jpg,https://rkcdn.ru/products/9a4769da-cd04-11ee-b8d6-00505601218a/src.jpg,,,,
RTSI-18HN8 Сплит-система инверторного типа Siena DC комплект Royal Thermo,,RUB,80800.0,1,1,,"<p>Купить RTSI-18HN8 Сплит-система инверторного типа Siena DC комплект Royal Thermo из наличия в ТД УЭТ. Доставка со склада в Екатеринбурге во все города России. Цена на RTSI-18HN8 Сплит-система инверторного типа Siena DC комплект Royal Thermo актуальна. Для заказа и уточнения дополнительных скидок отправьте запрос по e-mail: sale@uralenergotel.ru. Для постоянных клиентов предусмотрены специальные цены.&nbsp;<br><br>Также вы можете воспользоваться боковым меню справа и выбрать необходимые для вас характеристики, либо подобрать аналогичные товары из наличия у нас на сайте.&nbsp;<br><br>Поставим RTSI-18HN8 Сплит-система инверторного типа Siena DC комплект Royal Thermo напрямую со склада в города России: Москва, Санкт-Петербург, Казань, Самара, Екатеринбург, Челябинск, Уфа, Тюмень, Краснодар, Новосибирск, Пермь, Сургут, Омск, Красноярск, Ростов-на-Дону, Нижний Новгород, Волгоград, Чита, Иркутск и т.д.</p><h3>Описание</h3><p>&nbsp;</p>",,1,,Купить RTSI-18HN8 Сплит-система инверторного типа Siena DC комплект Royal Thermo с доставкой на uralenergotel.ru,Купить RTSI-18HN8 Сплит-система инверторного типа Siena DC комплект Royal Thermo по низкой цене у официального дилера ТД УЭТ,rtsi_18hn8,Уточняйте у менеджера,"Доставка со складов: Екатеринбург, Киржач, Орехово-Зеуво, Лакинск, Петушки",Royal Thermo,Siena DC,RTSI-18HN8,5.28,Нет,Опция доступна при подключении съемного Wi-Fi модуля,Да,48.4,-15,Да,Да,32.58,Да,Гарантийный талон,0.302,100,0.554,50,840,100,Да,0.33,Да,2.3,0.213,18000,5 лет,0.805,0.957,Горизонтальное,Siena DC,26,R32,,30,"1,29",56,17,1.82,Нет,45,Да,30,Да,A,Нет,Да,20,"1,0 °С",Да,Да,Да,4,18000,6.16,Да,Да,Да,Да,"6,75",Нет,Да,1080,10,Да,Да,Да,1543,A,32.7,Да,Да,1550,45,5.57,Да,Да,КНР,Да,Да,Да,Нет,,Доп.опция,Да,IPX0/IP24,Нет,Да,,A,Да,,https://rkcdn.ru/products/1cee5383-9dbc-11ee-b8d6-00505601218a/src.jpg,https://rkcdn.ru/products/2816d2e1-9dbc-11ee-b8d6-00505601218a/src.jpg,https://rkcdn.ru/products/32d2d3cf-9dbc-11ee-b8d6-00505601218a/src.jpg,https://rkcdn.ru/products/3e317395-9dbc-11ee-b8d6-00505601218a/src.jpg,,,,
RTBI-09HN8/white Сплит-система инверторного типа Barocco DC комплект Royal Thermo,,RUB,46900.0,1,1,,"<p>Купить RTBI-09HN8/white Сплит-система инверторного типа Barocco DC комплект Royal Thermo из наличия в ТД УЭТ. Доставка со склада в Екатеринбурге во все города России. Цена на RTBI-09HN8/white Сплит-система инверторного типа Barocco DC комплект Royal Thermo актуальна. Для заказа и уточнения дополнительных скидок отправьте запрос по e-mail: sale@uralenergotel.ru. Для постоянных клиентов предусмотрены специальные цены.&nbsp;<br><br>Также вы можете воспользоваться боковым меню справа и выбрать необходимые для вас характеристики, либо подобрать аналогичные товары из наличия у нас на сайте.&nbsp;<br><br>Поставим RTBI-09HN8/white Сплит-система инверторного типа Barocco DC комплект Royal Thermo напрямую со склада в города России: Москва, Санкт-Петербург, Казань, Самара, Екатеринбург, Челябинск, Уфа, Тюмень, Краснодар, Новосибирск, Пермь, Сургут, Омск, Красноярск, Ростов-на-Дону, Нижний Новгород, Волгоград, Чита, Иркутск и т.д.</p><h3>Описание</h3><p>&nbsp;</p>",,1,,Купить RTBI-09HN8/white Сплит-система инверторного типа Barocco DC комплект Royal Thermo с доставкой на uralenergotel.ru,Купить RTBI-09HN8/white Сплит-система инверторного типа Barocco DC комплект Royal Thermo по низкой цене у официального дилера ТД УЭТ,rtbi_09hn8_white,Уточняйте у менеджера,"Доставка со складов: Екатеринбург, Киржач, Орехово-Зеуво, Лакинск, Петушки",Royal Thermo,Barocco DC White,RTBI-09HN8/white,2.6,Нет,Опция доступна при подключении съемного Wi-Fi модуля,Да,36,-20,Да,Да,19.27,Да,Гарантийный талон,0.275,100,0.459,53,560,100,Да,0.276,Да,1.38,0.192,9000,5 лет,0.712,0.79,Вертикальное+Горизонтальное,Barocco DC White,19,R32,Да,31,"0,94",49,16,0.94,Нет,25,Да,25,Да,A++,Да,Да,10,"1,0 °С",Да,Да,Да,7,9000,3.3,Да,Да,Да,Да,"3,36",Нет,Да,490,8,Да,Да,Да,767,A++,22,Да,Да,825,25,2.63,Да,Да,КНР,Да,Да,Да,Да,Да,Доп.опция,Да,IPX0/IPX4,Да,Да,Да,A+,Да,Стандарт,https://rkcdn.ru/products/dd14467b-9e74-11ee-b8d6-00505601218a/src.jpg,https://rkcdn.ru/products/bba63000-9e74-11ee-b8d6-00505601218a/src.jpg,https://rkcdn.ru/products/c754d3b6-9e74-11ee-b8d6-00505601218a/src.jpg,https://rkcdn.ru/products/d2560ebf-9e74-11ee-b8d6-00505601218a/src.jpg,https://rkcdn.ru/products/e856ed3a-9e74-11ee-b8d6-00505601218a/src.jpg,,,
RTP-07HN1 Сплит-система Perfecto комплект Royal Thermo,,RUB,29000.0,1,1,,"<p>Купить RTP-07HN1 Сплит-система Perfecto комплект Royal Thermo из наличия в ТД УЭТ. Доставка со склада в Екатеринбурге во все города России. Цена на RTP-07HN1 Сплит-система Perfecto комплект Royal Thermo актуальна. Для заказа и уточнения дополнительных скидок отправьте запрос по e-mail: sale@uralenergotel.ru. Для постоянных клиентов предусмотрены специальные цены.&nbsp;<br><br>Также вы можете воспользоваться боковым меню справа и выбрать необходимые для вас характеристики, либо подобрать аналогичные товары из наличия у нас на сайте.&nbsp;<br><br>Поставим RTP-07HN1 Сплит-система Perfecto комплект Royal Thermo напрямую со склада в города России: Москва, Санкт-Петербург, Казань, Самара, Екатеринбург, Челябинск, Уфа, Тюмень, Краснодар, Новосибирск, Пермь, Сургут, Омск, Красноярск, Ростов-на-Дону, Нижний Новгород, Волгоград, Чита, Иркутск и т.д.</p><h3>Описание</h3><p>&nbsp;</p><p>РЎРµСЂРёСЏ Perfecto &ndash; СЃС‚Р°Р±РёР»СЊРЅР°СЏ Рё РЅР°РґС‘Р¶РЅР°СЏ СЂР°Р±РѕС‚Р° РІ Р»СЋР±С‹С… СѓСЃР»РѕРІРёСЏС…. <br />РЎРїР»РёС‚ СЃРёСЃС‚РµРјС‹ Perfecto РїСЂРµРґСЃС‚Р°РІР»РµРЅС‹ С€РёСЂРѕРєРёРј РјРѕРґРµР»СЊРЅС‹Рј СЂСЏРґРѕРј &ndash; 7,9,12,18,24 Рё 30 kBTU Рё СЃРїРѕСЃРѕР±РЅС‹ СЂР°Р±РѕС‚Р°С‚СЊ РІ СЂР°СЃС€РёСЂРµРЅРЅРѕРј РґРёР°РїР°Р·РѕРЅРµ РЅР°РїСЂСЏР¶РµРЅРёСЏ 175-264Р’, С‡С‚Рѕ Р°РєС‚СѓР°Р»СЊРЅРѕ РґР»СЏ РґРѕРјРѕРІ Рё СЂР°Р№РѕРЅРѕРІ СЃ С‡Р°СЃС‚С‹РјРё СЃРєР°С‡РєР°РјРё РЅР°РїСЂСЏР¶РµРЅРёСЏ. <br />Р”Р»СЏ Р±РѕР»СЊС€РµР№ Р±РµР·РѕРїР°СЃРЅРѕСЃС‚Рё СЃРїР»РёС‚-СЃРёСЃС‚РµРјС‹ Perfecto РѕСЃРЅР°С‰РµРЅС‹ РґРµС‚РµРєС‚РѕСЂРѕРј СѓС‚РµС‡РєРё С„СЂРµРѕРЅР°, РєРѕС‚РѕСЂС‹Р№ РїСЂРµРґСѓРїСЂРµР¶РґР°РµС‚ РЅРµС€С‚Р°С‚РЅСѓСЋ СЂР°Р±РѕС‚Сѓ СЃРёСЃС‚РµРјС‹ Рё РїСЂРѕРґР»РµРІР°РµС‚ СЃСЂРѕРє СЃР»СѓР¶Р±С‹ РѕР±РѕСЂСѓРґРѕРІР°РЅРёСЏ. <br />Р’С‹СЃРѕРєР°СЏ РЅР°РґС‘Р¶РЅРѕСЃС‚СЊ СЃРµСЂРёРё Perfecto РІ СЃРѕС‡РµС‚Р°РЅРёРё СЃ СЌР»РµРіР°РЅС‚РЅРѕСЃС‚СЊСЋ, С€РёСЂРѕРєРёРј РЅР°Р±РѕСЂРѕРј С„СѓРЅРєС†РёР№, СЂРµР¶РёРјРѕРІ Рё Р»С‘РіРєРѕСЃС‚СЊСЋ СѓРїСЂР°РІР»РµРЅРёСЏ РїРѕР·РІРѕР»СЏРµС‚ СЃРѕР·РґР°РІР°С‚СЊ РёРґРµР°Р»СЊРЅС‹Р№ РјРёРєСЂРѕРєР»РёРјР°С‚ РІ Р»СЋР±РѕРµ РІСЂРµРјСЏ РіРѕРґР°. </p>",,1,,Купить RTP-07HN1 Сплит-система Perfecto комплект Royal Thermo с доставкой на uralenergotel.ru,Купить RTP-07HN1 Сплит-система Perfecto комплект Royal Thermo по низкой цене у официального дилера ТД УЭТ,rtp_07hn1,Уточняйте у менеджера,"Доставка со складов: Екатеринбург, Киржач, Орехово-Зеуво, Лакинск, Петушки",Royal Thermo,Perfecto,RTP-07HN1,2.25,Да (без вилки),Нет,Да,33,-15,Да,Да,17.98,Да,Гарантийный талон,0.25,100,0.45,43,520,100,Да,0.293,Да,0.7,0.185,7000,5 лет,0.71,0.698,Горизонтальное,Perfecto,24,R410a,,30,"2,3",49,16,2.25,Нет,20,,15,Да,A,Нет,Да,10,"1,0 °С",Нет,Да,Да,4,7000,2.25,Да,Да,Да,Да,"2,3",Нет,Да,550,7.5,Да,Да,Да,637,A,22.3,Да,Да,700,20,2.3,Да,Да,КНР,,,,Да,,,Да,IPX0/IPX4,Да,Да,,A,Да,Стандарт,https://rkcdn.ru/products/e66f45e9-9dad-11ee-b8d6-00505601218a/src.jpg,https://rkcdn.ru/products/563509f0-c9c3-11ee-b8d6-00505601218a/src.jpg,https://rkcdn.ru/products/f20bcd1f-9dad-11ee-b8d6-00505601218a/src.jpg,https://rkcdn.ru/products/fc5eef43-9dad-11ee-b8d6-00505601218a/src.jpg,,,,
RTB-18HN1 Сплит-система Barocco комплект Royal Thermo,,RUB,64700.0,1,1,,"<p>Купить RTB-18HN1 Сплит-система Barocco комплект Royal Thermo из наличия в ТД УЭТ. Доставка со склада в Екатеринбурге во все города России. Цена на RTB-18HN1 Сплит-система Barocco комплект Royal Thermo актуальна. Для заказа и уточнения дополнительных скидок отправьте запрос по e-mail: sale@uralenergotel.ru. Для постоянных клиентов предусмотрены специальные цены.&nbsp;<br><br>Также вы можете воспользоваться боковым меню справа и выбрать необходимые для вас характеристики, либо подобрать аналогичные товары из наличия у нас на сайте.&nbsp;<br><br>Поставим RTB-18HN1 Сплит-система Barocco комплект Royal Thermo напрямую со склада в города России: Москва, Санкт-Петербург, Казань, Самара, Екатеринбург, Челябинск, Уфа, Тюмень, Краснодар, Новосибирск, Пермь, Сургут, Омск, Красноярск, Ростов-на-Дону, Нижний Новгород, Волгоград, Чита, Иркутск и т.д.</p><h3>Описание</h3><p>&nbsp;</p><p>РЎРїР»РёС‚-СЃРёСЃС‚РµРјС‹ Royal Thermo Barocco РѕР±РµСЃРїРµС‡Р°С‚ РЅР°РґС‘Р¶РЅСѓСЋ СЂР°Р±РѕС‚Сѓ РІ Р»СЋР±С‹С… СѓСЃР»РѕРІРёСЏС….<br />РљРѕРЅРґРёС†РёРѕРЅРµСЂС‹ СЃРµСЂРёРё Barocco РѕСЃРЅР°С‰РµРЅС‹ Р°РІС‚РѕРјР°С‚РёС‡РµСЃРєРёРјРё РІРµСЂС‚РёРєР°Р»СЊРЅС‹РјРё Рё РіРѕСЂРёР·РѕРЅС‚Р°Р»СЊРЅС‹РјРё Р¶Р°Р»СЋР·Рё, С‡С‚Рѕ СЃРѕР·РґР°С‘С‚ СЌС„С„РµРєС‚ РµСЃС‚РµСЃС‚РІРµРЅРЅРѕР№ С†РёСЂРєСѓР»СЏС†РёРё РІРѕР·РґСѓС…Р°, РїСЂРµРґРѕС‚РІСЂР°С‰Р°СЋС‰РёР№ РїРѕСЏРІР»РµРЅРёРµ СЃРєРІРѕР·РЅСЏРєРѕРІ Рё РїРѕР·РІРѕР»СЏСЋС‰РёР№ РїРѕРґРґРµСЂР¶РёРІР°С‚СЊ РєРѕРјС„РѕСЂС‚РЅС‹Рµ СѓСЃР»РѕРІРёСЏ РІ Р»СЋР±РѕРј СЂРµР¶РёРјРµ СЂР°Р±РѕС‚С‹. <br />РЎС‚РёР»СЊРЅС‹Р№ РґРёР·Р°Р№РЅ, РІС‹СЃРѕРєР°СЏ РЅР°РґС‘Р¶РЅРѕСЃС‚СЊ, С€РёСЂРѕРєРёР№ РЅР°Р±РѕСЂ С„СѓРЅРєС†РёР№, СЂРµР¶РёРјРѕРІ РІ СЃРѕС‡РµС‚Р°РЅРёРё СЃ Р»С‘РіРєРѕСЃС‚СЊСЋ СѓРїСЂР°РІР»РµРЅРёСЏ РґРµР»Р°РµС‚ РїСЂРёР±РѕСЂ РѕРґРЅРёРј РёР· Р»СѓС‡С€РёС… РІ СЃРІРѕС‘Рј СЃРµРіРјРµРЅС‚Рµ. <br />Р‘Р»Р°РіРѕРґР°СЂСЏ С„СѓРЅРєС†РёРё IFEEL РєРѕРЅРґРёС†РёРѕРЅРµСЂС‹ СЃРµСЂРёРё Barocco Р±СѓРґСѓС‚ РїРѕРґРґРµСЂР¶РёРІР°С‚СЊ С‚РµРјРїРµСЂР°С‚СѓСЂСѓ РЅРµ С‚РѕР»СЊРєРѕ РІР±Р»РёР·Рё СЃР°РјРѕРіРѕ Р±Р»РѕРєР°, РЅРѕ Рё СЂСЏРґРѕРј СЃ РїСѓР»СЊС‚РѕРј СѓРїСЂР°РІР»РµРЅРёСЏ, С‡С‚Рѕ РїРѕР·РІРѕР»РёС‚ СЃРѕР·РґР°С‚СЊ РєРѕРјС„РѕСЂС‚РЅСѓСЋ С‚РµРјРїРµСЂР°С‚СѓСЂСѓ С‚Р°Рј, РіРґРµ РІС‹ РЅР°С…РѕРґРёС‚РµСЃСЊ.&nbsp;</p>",,1,,Купить RTB-18HN1 Сплит-система Barocco комплект Royal Thermo с доставкой на uralenergotel.ru,Купить RTB-18HN1 Сплит-система Barocco комплект Royal Thermo по низкой цене у официального дилера ТД УЭТ,rtb_18hn1,Уточняйте у менеджера,"Доставка со складов: Екатеринбург, Киржач, Орехово-Зеуво, Лакинск, Петушки",Royal Thermo,Barocco,RTB-18HN1,5.28,Да (с вилкой),Опция доступна при подключении съемного Wi-Fi модуля,Да,46,-7,Да,Да,31.49,Да,Гарантийный талон,0.306,100,0.602,43,850,100,Да,0.349,Да,1.645,0.195,18000,5 лет,0.853,0.92,Вертикальное+Горизонтальное,Barocco,25,R410a,,31,"5,42",54,16,5.28,Нет,50,Да,15,Да,A,Нет,Да,5,"1,0 °С",Нет,Да,Да,7,18000,5.28,Да,Да,Да,Да,"5,42",Нет,Да,1130,11,Да,Да,Да,1500,A,37,Да,Да,1645,50,5.42,Да,Да,КНР,Да,Да,Да,Да,,Доп.опция,Да,IPX0/IPX4,Да,Да,,A,Да,Стандарт,https://rkcdn.ru/products/525f9c0d-f102-11ee-b8d8-00505601218a/src.jpg,https://rkcdn.ru/products/58b395f7-f102-11ee-b8d8-00505601218a/src.jpg,https://rkcdn.ru/products/525f9c0f-f102-11ee-b8d8-00505601218a/src.jpg,https://rkcdn.ru/products/525f9c11-f102-11ee-b8d8-00505601218a/src.jpg,https://rkcdn.ru/products/525f9c13-f102-11ee-b8d8-00505601218a/src.jpg,https://rkcdn.ru/products/58b395f9-f102-11ee-b8d8-00505601218a/src.jpg,https://rkcdn.ru/products/58b395fb-f102-11ee-b8d8-00505601218a/src.jpg,https://rkcdn.ru/products/58b395fd-f102-11ee-b8d8-00505601218a/src.jpg
RTBI-12HN8/black Сплит-система инверторного типа Barocco DC комплект Royal Thermo,,RUB,50900.0,1,1,,"<p>Купить RTBI-12HN8/black Сплит-система инверторного типа Barocco DC комплект Royal Thermo из наличия в ТД УЭТ. Доставка со склада в Екатеринбурге во все города России. Цена на RTBI-12HN8/black Сплит-система инверторного типа Barocco DC комплект Royal Thermo актуальна. Для заказа и уточнения дополнительных скидок отправьте запрос по e-mail: sale@uralenergotel.ru. Для постоянных клиентов предусмотрены специальные цены.&nbsp;<br><br>Также вы можете воспользоваться боковым меню справа и выбрать необходимые для вас характеристики, либо подобрать аналогичные товары из наличия у нас на сайте.&nbsp;<br><br>Поставим RTBI-12HN8/black Сплит-система инверторного типа Barocco DC комплект Royal Thermo напрямую со склада в города России: Москва, Санкт-Петербург, Казань, Самара, Екатеринбург, Челябинск, Уфа, Тюмень, Краснодар, Новосибирск, Пермь, Сургут, Омск, Красноярск, Ростов-на-Дону, Нижний Новгород, Волгоград, Чита, Иркутск и т.д.</p><h3>Описание</h3><p>&nbsp;</p>",,1,,Купить RTBI-12HN8/black Сплит-система инверторного типа Barocco DC комплект Royal Thermo с доставкой на uralenergotel.ru,Купить RTBI-12HN8/black Сплит-система инверторного типа Barocco DC комплект Royal Thermo по низкой цене у официального дилера ТД УЭТ,rtbi_12hn8_black,Уточняйте у менеджера,"Доставка со складов: Екатеринбург, Киржач, Орехово-Зеуво, Лакинск, Петушки",Royal Thermo,Barocco DC Black,RTBI-12HN8/black,3.4,Нет,Опция доступна при подключении съемного Wi-Fi модуля,Да,36,-20,Да,Да,19.27,Да,Гарантийный талон,0.275,100,0.459,53,560,100,Да,0.276,Да,1.5,0.192,12000,5 лет,0.712,0.79,Вертикальное+Горизонтальное,Barocco DC Black,20,R32,Да,31,1,50,16,1,Нет,35,Да,25,Да,A++,Да,Да,10,"1,0 °С",Да,Да,Да,7,12000,3.77,Да,Да,Да,Да,"3,81",Нет,Да,490,8,Да,Да,Да,1005,A++,22,Да,Да,1130,35,3.42,Да,Да,КНР,Да,Да,Да,Да,Да,Доп.опция,Да,IPX0/IPX4,Да,Да,Да,A+,Да,Стандарт,https://rkcdn.ru/products/807b6e16-9e76-11ee-b8d6-00505601218a/src.jpg,https://rkcdn.ru/products/88d6b15b-9e76-11ee-b8d6-00505601218a/src.jpg,https://rkcdn.ru/products/9b349e38-9e76-11ee-b8d6-00505601218a/src.jpg,https://rkcdn.ru/products/a4aa297a-9e76-11ee-b8d6-00505601218a/src.jpg,https://rkcdn.ru/products/afddd6a9-9e76-11ee-b8d6-00505601218a/src.jpg,,,
RTBI-12HN8/white Сплит-система инверторного типа Barocco DC комплект Royal Thermo,,RUB,50900.0,1,1,,"<p>Купить RTBI-12HN8/white Сплит-система инверторного типа Barocco DC комплект Royal Thermo из наличия в ТД УЭТ. Доставка со склада в Екатеринбурге во все города России. Цена на RTBI-12HN8/white Сплит-система инверторного типа Barocco DC комплект Royal Thermo актуальна. Для заказа и уточнения дополнительных скидок отправьте запрос по e-mail: sale@uralenergotel.ru. Для постоянных клиентов предусмотрены специальные цены.&nbsp;<br><br>Также вы можете воспользоваться боковым меню справа и выбрать необходимые для вас характеристики, либо подобрать аналогичные товары из наличия у нас на сайте.&nbsp;<br><br>Поставим RTBI-12HN8/white Сплит-система инверторного типа Barocco DC комплект Royal Thermo напрямую со склада в города России: Москва, Санкт-Петербург, Казань, Самара, Екатеринбург, Челябинск, Уфа, Тюмень, Краснодар, Новосибирск, Пермь, Сургут, Омск, Красноярск, Ростов-на-Дону, Нижний Новгород, Волгоград, Чита, Иркутск и т.д.</p><h3>Описание</h3><p>&nbsp;</p>",,1,,Купить RTBI-12HN8/white Сплит-система инверторного типа Barocco DC комплект Royal Thermo с доставкой на uralenergotel.ru,Купить RTBI-12HN8/white Сплит-система инверторного типа Barocco DC комплект Royal Thermo по низкой цене у официального дилера ТД УЭТ,rtbi_12hn8_white,Уточняйте у менеджера,"Доставка со складов: Екатеринбург, Киржач, Орехово-Зеуво, Лакинск, Петушки",Royal Thermo,Barocco DC White,RTBI-12HN8/white,3.4,Нет,Опция доступна при подключении съемного Wi-Fi модуля,Да,36,-20,Да,Да,19.27,Да,Гарантийный талон,0.275,100,0.459,53,560,100,Да,0.276,Да,1.5,0.192,12000,5 лет,0.712,0.79,Вертикальное+Горизонтальное,Barocco DC White,20,R32,Да,31,1,50,16,1,Нет,35,Да,25,Да,A++,Да,Да,10,"1,0 °С",Да,Да,Да,7,12000,3.77,Да,Да,Да,Да,"3,81",Нет,Да,490,8,Да,Да,Да,1005,A++,22,Да,Да,1130,35,3.42,Да,Да,КНР,Да,Да,Да,Да,Да,Доп.опция,Да,IPX0/IPX4,Да,Да,Да,A+,Да,Стандарт,https://rkcdn.ru/products/dd14467d-9e74-11ee-b8d6-00505601218a/src.jpg,https://rkcdn.ru/products/bba63002-9e74-11ee-b8d6-00505601218a/src.jpg,https://rkcdn.ru/products/c754d3b8-9e74-11ee-b8d6-00505601218a/src.jpg,https://rkcdn.ru/products/d2560ec1-9e74-11ee-b8d6-00505601218a/src.jpg,https://rkcdn.ru/products/e856ed3c-9e74-11ee-b8d6-00505601218a/src.jpg,,,
RTP-12HN1 Сплит-система Perfecto комплект Royal Thermo,,RUB,42000.0,1,1,,"<p>Купить RTP-12HN1 Сплит-система Perfecto комплект Royal Thermo из наличия в ТД УЭТ. Доставка со склада в Екатеринбурге во все города России. Цена на RTP-12HN1 Сплит-система Perfecto комплект Royal Thermo актуальна. Для заказа и уточнения дополнительных скидок отправьте запрос по e-mail: sale@uralenergotel.ru. Для постоянных клиентов предусмотрены специальные цены.&nbsp;<br><br>Также вы можете воспользоваться боковым меню справа и выбрать необходимые для вас характеристики, либо подобрать аналогичные товары из наличия у нас на сайте.&nbsp;<br><br>Поставим RTP-12HN1 Сплит-система Perfecto комплект Royal Thermo напрямую со склада в города России: Москва, Санкт-Петербург, Казань, Самара, Екатеринбург, Челябинск, Уфа, Тюмень, Краснодар, Новосибирск, Пермь, Сургут, Омск, Красноярск, Ростов-на-Дону, Нижний Новгород, Волгоград, Чита, Иркутск и т.д.</p><h3>Описание</h3><p>&nbsp;</p><p>РЎРµСЂРёСЏ Perfecto &ndash; СЃС‚Р°Р±РёР»СЊРЅР°СЏ Рё РЅР°РґС‘Р¶РЅР°СЏ СЂР°Р±РѕС‚Р° РІ Р»СЋР±С‹С… СѓСЃР»РѕРІРёСЏС…. <br />РЎРїР»РёС‚ СЃРёСЃС‚РµРјС‹ Perfecto РїСЂРµРґСЃС‚Р°РІР»РµРЅС‹ С€РёСЂРѕРєРёРј РјРѕРґРµР»СЊРЅС‹Рј СЂСЏРґРѕРј &ndash; 7,9,12,18,24 Рё 30 kBTU Рё СЃРїРѕСЃРѕР±РЅС‹ СЂР°Р±РѕС‚Р°С‚СЊ РІ СЂР°СЃС€РёСЂРµРЅРЅРѕРј РґРёР°РїР°Р·РѕРЅРµ РЅР°РїСЂСЏР¶РµРЅРёСЏ 175-264Р’, С‡С‚Рѕ Р°РєС‚СѓР°Р»СЊРЅРѕ РґР»СЏ РґРѕРјРѕРІ Рё СЂР°Р№РѕРЅРѕРІ СЃ С‡Р°СЃС‚С‹РјРё СЃРєР°С‡РєР°РјРё РЅР°РїСЂСЏР¶РµРЅРёСЏ. <br />Р”Р»СЏ Р±РѕР»СЊС€РµР№ Р±РµР·РѕРїР°СЃРЅРѕСЃС‚Рё СЃРїР»РёС‚-СЃРёСЃС‚РµРјС‹ Perfecto РѕСЃРЅР°С‰РµРЅС‹ РґРµС‚РµРєС‚РѕСЂРѕРј СѓС‚РµС‡РєРё С„СЂРµРѕРЅР°, РєРѕС‚РѕСЂС‹Р№ РїСЂРµРґСѓРїСЂРµР¶РґР°РµС‚ РЅРµС€С‚Р°С‚РЅСѓСЋ СЂР°Р±РѕС‚Сѓ СЃРёСЃС‚РµРјС‹ Рё РїСЂРѕРґР»РµРІР°РµС‚ СЃСЂРѕРє СЃР»СѓР¶Р±С‹ РѕР±РѕСЂСѓРґРѕРІР°РЅРёСЏ. <br />Р’С‹СЃРѕРєР°СЏ РЅР°РґС‘Р¶РЅРѕСЃС‚СЊ СЃРµСЂРёРё Perfecto РІ СЃРѕС‡РµС‚Р°РЅРёРё СЃ СЌР»РµРіР°РЅС‚РЅРѕСЃС‚СЊСЋ, С€РёСЂРѕРєРёРј РЅР°Р±РѕСЂРѕРј С„СѓРЅРєС†РёР№, СЂРµР¶РёРјРѕРІ Рё Р»С‘РіРєРѕСЃС‚СЊСЋ СѓРїСЂР°РІР»РµРЅРёСЏ РїРѕР·РІРѕР»СЏРµС‚ СЃРѕР·РґР°РІР°С‚СЊ РёРґРµР°Р»СЊРЅС‹Р№ РјРёРєСЂРѕРєР»РёРјР°С‚ РІ Р»СЋР±РѕРµ РІСЂРµРјСЏ РіРѕРґР°. </p>",,1,,Купить RTP-12HN1 Сплит-система Perfecto комплект Royal Thermo с доставкой на uralenergotel.ru,Купить RTP-12HN1 Сплит-система Perfecto комплект Royal Thermo по низкой цене у официального дилера ТД УЭТ,rtp_12hn1,Уточняйте у менеджера,"Доставка со складов: Екатеринбург, Киржач, Орехово-Зеуво, Лакинск, Петушки",Royal Thermo,Perfecto,RTP-12HN1,3.25,Да (без вилки),Нет,Да,40.1,-15,Да,Да,23.51,Да,Гарантийный талон,0.25,100,0.555,43,590,100,Да,0.33,Да,1.009,0.185,12000,5 лет,0.732,0.773,Горизонтальное,Perfecto,25,R410a,,30,"3,4",52,16,3.25,Нет,35,,20,Да,A,Нет,Да,10,"1,0 °С",Нет,Да,Да,4,12000,3.25,Да,Да,Да,Да,"3,4",Нет,Да,730,8.5,Да,Да,Да,942,A,28,Да,Да,1009,35,3.4,Да,Да,КНР,,,,Да,,,Да,IPX0/IPX4,Да,Да,,A,Да,Стандарт,https://rkcdn.ru/products/60401570-c9c3-11ee-b8d6-00505601218a/src.jpg,https://rkcdn.ru/products/fc5eef47-9dad-11ee-b8d6-00505601218a/src.jpg,https://rkcdn.ru/products/f20bcd23-9dad-11ee-b8d6-00505601218a/src.jpg,https://rkcdn.ru/products/e66f45ed-9dad-11ee-b8d6-00505601218a/src.jpg,,,,
RTP-18HN1 Сплит-система Perfecto комплект Royal Thermo,,RUB,67500.0,0,1,,"<p>Купить RTP-18HN1 Сплит-система Perfecto комплект Royal Thermo из наличия в ТД УЭТ. Доставка со склада в Екатеринбурге во все города России. Цена на RTP-18HN1 Сплит-система Perfecto комплект Royal Thermo актуальна. Для заказа и уточнения дополнительных скидок отправьте запрос по e-mail: sale@uralenergotel.ru. Для постоянных клиентов предусмотрены специальные цены.&nbsp;<br><br>Также вы можете воспользоваться боковым меню справа и выбрать необходимые для вас характеристики, либо подобрать аналогичные товары из наличия у нас на сайте.&nbsp;<br><br>Поставим RTP-18HN1 Сплит-система Perfecto комплект Royal Thermo напрямую со склада в города России: Москва, Санкт-Петербург, Казань, Самара, Екатеринбург, Челябинск, Уфа, Тюмень, Краснодар, Новосибирск, Пермь, Сургут, Омск, Красноярск, Ростов-на-Дону, Нижний Новгород, Волгоград, Чита, Иркутск и т.д.</p><h3>Описание</h3><p>&nbsp;</p><p>РЎРµСЂРёСЏ Perfecto &ndash; СЃС‚Р°Р±РёР»СЊРЅР°СЏ Рё РЅР°РґС‘Р¶РЅР°СЏ СЂР°Р±РѕС‚Р° РІ Р»СЋР±С‹С… СѓСЃР»РѕРІРёСЏС…. <br />РЎРїР»РёС‚ СЃРёСЃС‚РµРјС‹ Perfecto РїСЂРµРґСЃС‚Р°РІР»РµРЅС‹ С€РёСЂРѕРєРёРј РјРѕРґРµР»СЊРЅС‹Рј СЂСЏРґРѕРј &ndash; 7,9,12,18,24 Рё 30 kBTU Рё СЃРїРѕСЃРѕР±РЅС‹ СЂР°Р±РѕС‚Р°С‚СЊ РІ СЂР°СЃС€РёСЂРµРЅРЅРѕРј РґРёР°РїР°Р·РѕРЅРµ РЅР°РїСЂСЏР¶РµРЅРёСЏ 175-264Р’, С‡С‚Рѕ Р°РєС‚СѓР°Р»СЊРЅРѕ РґР»СЏ РґРѕРјРѕРІ Рё СЂР°Р№РѕРЅРѕРІ СЃ С‡Р°СЃС‚С‹РјРё СЃРєР°С‡РєР°РјРё РЅР°РїСЂСЏР¶РµРЅРёСЏ. <br />Р”Р»СЏ Р±РѕР»СЊС€РµР№ Р±РµР·РѕРїР°СЃРЅРѕСЃС‚Рё СЃРїР»РёС‚-СЃРёСЃС‚РµРјС‹ Perfecto РѕСЃРЅР°С‰РµРЅС‹ РґРµС‚РµРєС‚РѕСЂРѕРј СѓС‚РµС‡РєРё С„СЂРµРѕРЅР°, РєРѕС‚РѕСЂС‹Р№ РїСЂРµРґСѓРїСЂРµР¶РґР°РµС‚ РЅРµС€С‚Р°С‚РЅСѓСЋ СЂР°Р±РѕС‚Сѓ СЃРёСЃС‚РµРјС‹ Рё РїСЂРѕРґР»РµРІР°РµС‚ СЃСЂРѕРє СЃР»СѓР¶Р±С‹ РѕР±РѕСЂСѓРґРѕРІР°РЅРёСЏ. <br />Р’С‹СЃРѕРєР°СЏ РЅР°РґС‘Р¶РЅРѕСЃС‚СЊ СЃРµСЂРёРё Perfecto РІ СЃРѕС‡РµС‚Р°РЅРёРё СЃ СЌР»РµРіР°РЅС‚РЅРѕСЃС‚СЊСЋ, С€РёСЂРѕРєРёРј РЅР°Р±РѕСЂРѕРј С„СѓРЅРєС†РёР№, СЂРµР¶РёРјРѕРІ Рё Р»С‘РіРєРѕСЃС‚СЊСЋ СѓРїСЂР°РІР»РµРЅРёСЏ РїРѕР·РІРѕР»СЏРµС‚ СЃРѕР·РґР°РІР°С‚СЊ РёРґРµР°Р»СЊРЅС‹Р№ РјРёРєСЂРѕРєР»РёРјР°С‚ РІ Р»СЋР±РѕРµ РІСЂРµРјСЏ РіРѕРґР°. </p>",,1,,Купить RTP-18HN1 Сплит-система Perfecto комплект Royal Thermo с доставкой на uralenergotel.ru,Купить RTP-18HN1 Сплит-система Perfecto комплект Royal Thermo по низкой цене у официального дилера ТД УЭТ,rtp_18hn1,Уточняйте у менеджера,"Доставка со складов: Екатеринбург, Киржач, Орехово-Зеуво, Лакинск, Петушки",Royal Thermo,Perfecto,RTP-18HN1,4.95,Да (без вилки),Нет,Да,53.4,-15,Да,Да,28.59,Да,Гарантийный талон,0.289,100,0.555,43,650,100,Да,0.35,Да,1.477,0.215,18000,5 лет,0.802,0.849,Горизонтальное,Perfecto,30,R410a,,30,"5,16",53,16,4.95,Нет,50,,25,Да,A,Нет,Да,10,"1,0 °С",Нет,Да,Да,4,18000,4.95,Да,Да,Да,Да,"5,16",Нет,Да,1000,10.8,Да,Да,Да,1428,A,38.5,Да,Да,1477,50,5.16,Да,Да,КНР,,,,Да,,,Да,IPX0/IPX4,Да,Да,,A,Да,Стандарт,https://rkcdn.ru/products/d9c43d45-9dad-11ee-b8d6-00505601218a/src.jpg,https://rkcdn.ru/products/f20bcd25-9dad-11ee-b8d6-00505601218a/src.jpg,https://rkcdn.ru/products/fc5eef49-9dad-11ee-b8d6-00505601218a/src.jpg,https://rkcdn.ru/products/e66f45ef-9dad-11ee-b8d6-00505601218a/src.jpg,,,,
